Battery,Cycle,EIS_File,SoC,Discharge_Capacity_Ah,SoH,Modified SoC,L1,R0,R1,CPE1_0,CPE1_1,W1
LiPO_1,0,"./LiPo Battery LP-503562-IS-3 EIS, Capacity, ECM Data/LiPO_1/EIS_Charge_discharge/EIS_0/10_EIS.csv",0.102017442393058,3.6644912742866596,1.0,0.1,2.5296512554376034e-07,0.07735191554353016,0.0845463799145581,2.836880624408454,0.37555308763954526,0.004130171356721752
LiPO_1,0,"./LiPo Battery LP-503562-IS-3 EIS, Capacity, ECM Data/LiPO_1/EIS_Charge_discharge/EIS_0/9_EIS.csv",0.199688535826423,3.6644912742866596,1.0,0.2,2.3540306427063277e-07,0.0780580437715687,0.05932672554755025,1.5908588393981202,0.46226655685307166,0.001263507340339348
LiPO_1,0,"./LiPo Battery LP-503562-IS-3 EIS, Capacity, ECM Data/LiPO_1/EIS_Charge_discharge/EIS_0/8_EIS.csv",0.297359418996599,3.6644912742866596,1.0,0.3,2.260028390177641e-07,0.0784753473996811,0.05236326738159715,1.2434976854487003,0.49899721078067716,0.0017999268239304125
LiPO_1,0,"./LiPo Battery LP-503562-IS-3 EIS, Capacity, ECM Data/LiPO_1/EIS_Charge_discharge/EIS_0/7_EIS.csv",0.395030669673538,3.6644912742866596,1.0,0.4,2.1907028736113075e-07,0.07871626093565033,0.04700098673500687,0.9761015482186217,0.5342099896976291,0.002409138266710584
LiPO_1,0,"./LiPo Battery LP-503562-IS-3 EIS, Capacity, ECM Data/LiPO_1/EIS_Charge_discharge/EIS_0/6_EIS.csv",0.492431679112812,3.6644912742866596,1.0,0.5,2.1330197023786041e-07,0.07888060203366425,0.043849578768797866,0.7937050201334709,0.5623571413630593,0.0019917018324353305
LiPO_1,0,"./LiPo Battery LP-503562-IS-3 EIS, Capacity, ECM Data/LiPO_1/EIS_Charge_discharge/EIS_0/5_EIS.csv",0.590103255718601,3.6644912742866596,1.0,0.6,2.1205445044507375e-07,0.07883762421280446,0.04388542142189038,0.7414559830074607,0.5696980548216658,0.0019068200232882607
LiPO_1,0,"./LiPo Battery LP-503562-IS-3 EIS, Capacity, ECM Data/LiPO_1/EIS_Charge_discharge/EIS_0/4_EIS.csv",0.687774617329376,3.6644912742866596,1.0,0.7,2.1088548074961793e-07,0.07880299537663552,0.042520315999972226,0.6822531763754807,0.5796554416330676,0.0022958650433763665
LiPO_1,0,"./LiPo Battery LP-503562-IS-3 EIS, Capacity, ECM Data/LiPO_1/EIS_Charge_discharge/EIS_0/3_EIS.csv",0.785446013042756,3.6644912742866596,1.0,0.8,2.105554612284703e-07,0.07859210902001233,0.04145953013292279,0.6557084590069316,0.5836915503422853,0.003165424919062649
LiPO_1,0,"./LiPo Battery LP-503562-IS-3 EIS, Capacity, ECM Data/LiPO_1/EIS_Charge_discharge/EIS_0/2_EIS.csv",0.883117630096188,3.6644912742866596,1.0,0.9,2.1152220100466447e-07,0.07829154220594388,0.041502652899842486,0.6435040433666704,0.5843039528137608,0.003725401482667744
LiPO_1,0,"./LiPo Battery LP-503562-IS-3 EIS, Capacity, ECM Data/LiPO_1/EIS_Charge_discharge/EIS_0/1_EIS.csv",0.902597898396312,3.6644912742866596,1.0,0.9,2.1485908427713996e-07,0.07800223285607374,0.04008362669944627,0.6366725250481009,0.5835248640625926,0.0038357285175610106
LiPO_1,0,"./LiPo Battery LP-503562-IS-3 EIS, Capacity, ECM Data/LiPO_1/EIS_Charge_discharge/EIS_0/0_EIS.csv",1.0,3.6644912742866596,1.0,1.0,2.1674889458296232e-07,0.0775668280800728,0.04217617279626987,0.6747727735371987,0.5698210755993242,0.0030251113904358005
LiPO_1,45,"./LiPo Battery LP-503562-IS-3 EIS, Capacity, ECM Data/LiPO_1/EIS_Charge_discharge/EIS_45/9_EIS.csv",0.0938617342839576,3.556919004014837,0.9706446919312797,0.1,2.3305833614852127e-07,0.0791962120776062,0.07504295188790677,2.596960744653399,0.4029648916177691,2.019274555448593e-17
LiPO_1,45,"./LiPo Battery LP-503562-IS-3 EIS, Capacity, ECM Data/LiPO_1/EIS_Charge_discharge/EIS_45/8_EIS.csv",0.19466760241103,3.556919004014837,0.9706446919312797,0.2,2.3433060334920262e-07,0.07903645485667345,0.06364898694595232,2.12090821946221,0.42799340524480173,1.0759144698444989e-11
LiPO_1,45,"./LiPo Battery LP-503562-IS-3 EIS, Capacity, ECM Data/LiPO_1/EIS_Charge_discharge/EIS_45/7_EIS.csv",0.295194783600758,3.556919004014837,0.9706446919312797,0.3,2.2583801581885813e-07,0.07957530494926257,0.05283281206730753,1.5477768271192163,0.47328125866184767,0.0016747167397968344
LiPO_1,45,"./LiPo Battery LP-503562-IS-3 EIS, Capacity, ECM Data/LiPO_1/EIS_Charge_discharge/EIS_45/6_EIS.csv",0.39572165253728,3.556919004014837,0.9706446919312797,0.4,2.1707248793464463e-07,0.08017259892478285,0.04520702878593115,1.07720728780712,0.5244750654154677,0.001686311990388962
LiPO_1,45,"./LiPo Battery LP-503562-IS-3 EIS, Capacity, ECM Data/LiPO_1/EIS_Charge_discharge/EIS_45/5_EIS.csv",0.496527528566632,3.556919004014837,0.9706446919312797,0.5,2.1474560375627445e-07,0.08030282707377491,0.044001132715701205,0.9590611681832677,0.5390195663789978,0.001603041433974949
LiPO_1,45,"./LiPo Battery LP-503562-IS-3 EIS, Capacity, ECM Data/LiPO_1/EIS_Charge_discharge/EIS_45/4_EIS.csv",0.597333223672245,3.556919004014837,0.9706446919312797,0.6,2.1175446595130342e-07,0.08044379906306079,0.04148139851752001,0.820656706908671,0.5584669853842649,0.0020633893127327187
LiPO_1,45,"./LiPo Battery LP-503562-IS-3 EIS, Capacity, ECM Data/LiPO_1/EIS_Charge_discharge/EIS_45/3_EIS.csv",0.697860186860113,3.556919004014837,0.9706446919312797,0.7,2.1115310683757474e-07,0.08040399132619816,0.03946928069069989,0.7537455233824789,0.5686984065289402,0.0031951462039261696
LiPO_1,45,"./LiPo Battery LP-503562-IS-3 EIS, Capacity, ECM Data/LiPO_1/EIS_Charge_discharge/EIS_45/2_EIS.csv",0.798387226158719,3.556919004014837,0.9706446919312797,0.8,2.1253656177395485e-07,0.08012610637141163,0.038939981449838665,0.7257569649794844,0.5703083939402147,0.004208698685116123
LiPO_1,45,"./LiPo Battery LP-503562-IS-3 EIS, Capacity, ECM Data/LiPO_1/EIS_Charge_discharge/EIS_45/1_EIS.csv",0.899193301243088,3.556919004014837,0.9706446919312797,0.9,2.1512860078119172e-07,0.07989221967224412,0.036654151192393,0.6877486807812936,0.5758630269500781,0.004555751986246922
LiPO_1,45,"./LiPo Battery LP-503562-IS-3 EIS, Capacity, ECM Data/LiPO_1/EIS_Charge_discharge/EIS_45/0_EIS.csv",1.0,3.556919004014837,0.9706446919312797,1.0,2.1599016153627704e-07,0.07965516970225724,0.03738784010442329,0.6714488566825847,0.5703591154307337,0.0037550239723425226
LiPO_1,90,"./LiPo Battery LP-503562-IS-3 EIS, Capacity, ECM Data/LiPO_1/EIS_Charge_discharge/EIS_90/9_EIS.csv",0.0580617513229271,3.4088018769054047,0.9302251313366743,0.1,2.3136559247810498e-07,0.08063090760894852,0.094077029725287,3.1409709198327187,0.365932957792743,2.5890275469479585e-18
LiPO_1,90,"./LiPo Battery LP-503562-IS-3 EIS, Capacity, ECM Data/LiPO_1/EIS_Charge_discharge/EIS_90/8_EIS.csv",0.162560390585803,3.4088018769054047,0.9302251313366743,0.2,2.2919832469294058e-07,0.08082135130776039,0.07232550157174468,2.342685392221158,0.40581348569392833,6.779115093348914e-20
LiPO_1,90,"./LiPo Battery LP-503562-IS-3 EIS, Capacity, ECM Data/LiPO_1/EIS_Charge_discharge/EIS_90/7_EIS.csv",0.267058938792276,3.4088018769054047,0.9302251313366743,0.3,2.303303549403267e-07,0.08065988314992463,0.06257171116044839,1.9159405938707839,0.4296974562596042,0.0008330523124875177
LiPO_1,90,"./LiPo Battery LP-503562-IS-3 EIS, Capacity, ECM Data/LiPO_1/EIS_Charge_discharge/EIS_90/6_EIS.csv",0.371847265559467,3.4088018769054047,0.9302251313366743,0.4,2.1819371303801986e-07,0.08178713671884792,0.04949363138054803,1.1876352124165928,0.49892528646353707,0.0019156994944866349
LiPO_1,90,"./LiPo Battery LP-503562-IS-3 EIS, Capacity, ECM Data/LiPO_1/EIS_Charge_discharge/EIS_90/5_EIS.csv",0.476635881264472,3.4088018769054047,0.9302251313366743,0.5,2.140586439122095e-07,0.08205765373134681,0.047205971847114975,1.0066373887545537,0.520696631596592,0.0017857246821800605
LiPO_1,90,"./LiPo Battery LP-503562-IS-3 EIS, Capacity, ECM Data/LiPO_1/EIS_Charge_discharge/EIS_90/4_EIS.csv",0.581134527206019,3.4088018769054047,0.9302251313366743,0.6,2.1026408485508076e-07,0.08229244634439124,0.04454546955186715,0.8499325529520068,0.5417556380659507,0.00217647502105173
LiPO_1,90,"./LiPo Battery LP-503562-IS-3 EIS, Capacity, ECM Data/LiPO_1/EIS_Charge_discharge/EIS_90/3_EIS.csv",0.685633167580682,3.4088018769054047,0.9302251313366743,0.7,2.0995033699926242e-07,0.08231796866362272,0.0422640510858871,0.7596207978424853,0.5548892432948475,0.00328808544996503
LiPO_1,90,"./LiPo Battery LP-503562-IS-3 EIS, Capacity, ECM Data/LiPO_1/EIS_Charge_discharge/EIS_90/2_EIS.csv",0.790421860807173,3.4088018769054047,0.9302251313366743,0.8,2.1056821823876716e-07,0.08210233572566782,0.041521775038360555,0.7296604342615606,0.5571257364220815,0.004745948160999231
LiPO_1,90,"./LiPo Battery LP-503562-IS-3 EIS, Capacity, ECM Data/LiPO_1/EIS_Charge_discharge/EIS_90/1_EIS.csv",0.895210748328319,3.4088018769054047,0.9302251313366743,0.9,2.126875828849615e-07,0.08186548307311287,0.03923523756352225,0.6887783556155046,0.5638583228510229,0.0050204012387632885
LiPO_1,90,"./LiPo Battery LP-503562-IS-3 EIS, Capacity, ECM Data/LiPO_1/EIS_Charge_discharge/EIS_90/0_EIS.csv",1.0,3.4088018769054047,0.9302251313366743,1.0,2.1552367085969936e-07,0.08154905011987468,0.039853508213049935,0.6675251576066442,0.5580082296713916,0.004508881973221047
LiPO_1,116,"./LiPo Battery LP-503562-IS-3 EIS, Capacity, ECM Data/LiPO_1/EIS_Charge_discharge/EIS_116/9_EIS.csv",0.0410981267871648,3.341066115330806,0.9117407752543188,0.0,2.2836505933182375e-07,0.08165245336068316,0.10907782316652494,3.567935337191657,0.34360828283323486,6.42692347197894e-23
LiPO_1,116,"./LiPo Battery LP-503562-IS-3 EIS, Capacity, ECM Data/LiPO_1/EIS_Charge_discharge/EIS_116/8_EIS.csv",0.147741101993107,3.341066115330806,0.9117407752543188,0.1,2.281755501195716e-07,0.08185772818179099,0.07723932790215465,2.5034756216189313,0.3904513001731385,2.784503611598097e-19
LiPO_1,116,"./LiPo Battery LP-503562-IS-3 EIS, Capacity, ECM Data/LiPO_1/EIS_Charge_discharge/EIS_116/7_EIS.csv",0.254383932655255,3.341066115330806,0.9117407752543188,0.3,2.3152559568118794e-07,0.08141967057138302,0.06715641955680925,2.1073916399055714,0.4083223861972086,0.0004667341849621522
LiPO_1,116,"./LiPo Battery LP-503562-IS-3 EIS, Capacity, ECM Data/LiPO_1/EIS_Charge_discharge/EIS_116/6_EIS.csv",0.36102699770264,3.341066115330806,0.9117407752543188,0.4,2.1960331228892053e-07,0.08272472866162565,0.051908928626876,1.276197190381129,0.48113296325973065,0.0021635191204016865
LiPO_1,116,"./LiPo Battery LP-503562-IS-3 EIS, Capacity, ECM Data/LiPO_1/EIS_Charge_discharge/EIS_116/5_EIS.csv",0.467374737968533,3.341066115330806,0.9117407752543188,0.5,2.149886863820602e-07,0.08306605770187889,0.048497457781117165,1.039913899881921,0.5082478055386819,0.00199345230021077
LiPO_1,116,"./LiPo Battery LP-503562-IS-3 EIS, Capacity, ECM Data/LiPO_1/EIS_Charge_discharge/EIS_116/4_EIS.csv",0.573722468841476,3.341066115330806,0.9117407752543188,0.6,2.116289166840745e-07,0.08336314655849893,0.04575061450868728,0.8700177713463138,0.5305983775024388,0.0023623405033474805
LiPO_1,116,"./LiPo Battery LP-503562-IS-3 EIS, Capacity, ECM Data/LiPO_1/EIS_Charge_discharge/EIS_116/3_EIS.csv",0.680365276821226,3.341066115330806,0.9117407752543188,0.7,2.1014147619034716e-07,0.08344097209508924,0.043238154860079474,0.7645578884616931,0.5461710003487178,0.003537364468597221
LiPO_1,116,"./LiPo Battery LP-503562-IS-3 EIS, Capacity, ECM Data/LiPO_1/EIS_Charge_discharge/EIS_116/2_EIS.csv",0.787008514275298,3.341066115330806,0.9117407752543188,0.8,2.1082830351920796e-07,0.08328762974019016,0.04246261988010753,0.7306506778236975,0.5495812010922696,0.005049972032312556
LiPO_1,116,"./LiPo Battery LP-503562-IS-3 EIS, Capacity, ECM Data/LiPO_1/EIS_Charge_discharge/EIS_116/1_EIS.csv",0.89365122796589,3.341066115330806,0.9117407752543188,0.9,2.1357778971250247e-07,0.08300524630901676,0.04024091871541149,0.6898795345697905,0.5558881011933339,0.005394617369974647
LiPO_1,116,"./LiPo Battery LP-503562-IS-3 EIS, Capacity, ECM Data/LiPO_1/EIS_Charge_discharge/EIS_116/0_EIS.csv",1.0,3.341066115330806,0.9117407752543188,1.0,2.1534589262578525e-07,0.08272465174687166,0.04076822256848733,0.6621936262170218,0.5519247997108658,0.005002116414891899
LiPO_1,135,"./LiPo Battery LP-503562-IS-3 EIS, Capacity, ECM Data/LiPO_1/EIS_Charge_discharge/EIS_135/9_EIS.csv",0.0225994815900182,3.2716162837585014,0.8927886680246943,0.0,2.2890755189204556e-07,0.08217514907616955,0.1324150728812475,3.992174135515431,0.3213156622422569,7.115512359132423e-17
LiPO_1,135,"./LiPo Battery LP-503562-IS-3 EIS, Capacity, ECM Data/LiPO_1/EIS_Charge_discharge/EIS_135/8_EIS.csv",0.131031873872836,3.2716162837585014,0.8927886680246943,0.1,2.2676979223511482e-07,0.08256748582906379,0.08392318181061352,2.6210020163816785,0.3768230843645125,2.10947870745216e-17
LiPO_1,135,"./LiPo Battery LP-503562-IS-3 EIS, Capacity, ECM Data/LiPO_1/EIS_Charge_discharge/EIS_135/7_EIS.csv",0.239765500770438,3.2716162837585014,0.8927886680246943,0.2,2.3411619635226435e-07,0.0819160329774188,0.07281588275267756,2.239826003776581,0.391395505645779,4.4331773212701514e-05
LiPO_1,135,"./LiPo Battery LP-503562-IS-3 EIS, Capacity, ECM Data/LiPO_1/EIS_Charge_discharge/EIS_135/6_EIS.csv",0.348499328265157,3.2716162837585014,0.8927886680246943,0.3,2.2138753689353408e-07,0.08336159666795284,0.05532036355526895,1.359711434103104,0.46407612048037256,0.0023710979461118464
LiPO_1,135,"./LiPo Battery LP-503562-IS-3 EIS, Capacity, ECM Data/LiPO_1/EIS_Charge_discharge/EIS_135/5_EIS.csv",0.456932128529772,3.2716162837585014,0.8927886680246943,0.5,2.149624376533966e-07,0.08392217810777915,0.05022324987882919,1.0448954057292765,0.5000284795760849,0.0022306875212785423
LiPO_1,135,"./LiPo Battery LP-503562-IS-3 EIS, Capacity, ECM Data/LiPO_1/EIS_Charge_discharge/EIS_135/4_EIS.csv",0.565364866347304,3.2716162837585014,0.8927886680246943,0.6,2.1251429269139188e-07,0.08425127310265978,0.04731797612433987,0.8713381407647428,0.5231434279874592,0.0025939660466400135
LiPO_1,135,"./LiPo Battery LP-503562-IS-3 EIS, Capacity, ECM Data/LiPO_1/EIS_Charge_discharge/EIS_135/3_EIS.csv",0.674098679445267,3.2716162837585014,0.8927886680246943,0.7,2.1048476180255647e-07,0.0843702336320737,0.04447298338825748,0.7532946207529211,0.5410697906765366,0.0037907485426070973
LiPO_1,135,"./LiPo Battery LP-503562-IS-3 EIS, Capacity, ECM Data/LiPO_1/EIS_Charge_discharge/EIS_135/2_EIS.csv",0.782832415517283,3.2716162837585014,0.8927886680246943,0.8,2.1119336971612522e-07,0.08421047410908782,0.04364679582045728,0.7193635614583226,0.5441844570014894,0.005333725095400765
LiPO_1,135,"./LiPo Battery LP-503562-IS-3 EIS, Capacity, ECM Data/LiPO_1/EIS_Charge_discharge/EIS_135/1_EIS.csv",0.891566280509506,3.2716162837585014,0.8927886680246943,0.9,2.129403310851456e-07,0.08400735061764955,0.04136396488902216,0.6835544468798794,0.5509462034417915,0.005766857567413017
LiPO_1,135,"./LiPo Battery LP-503562-IS-3 EIS, Capacity, ECM Data/LiPO_1/EIS_Charge_discharge/EIS_135/0_EIS.csv",1.0,3.2716162837585014,0.8927886680246943,1.0,2.15832011546445e-07,0.08367260045634368,0.04173658711597789,0.6486640674107811,0.5483980778769453,0.0054400235892544686
LiPO_1,180,"./LiPo Battery LP-503562-IS-3 EIS, Capacity, ECM Data/LiPO_1/EIS_Charge_discharge/EIS_180/8_EIS.csv",0.0412309276324493,2.935234882823366,0.8009938250964309,0.0,2.391923550996036e-07,0.08361582955035188,0.12884821354239454,3.2315299313786268,0.32038095529729693,1.780369467278215e-22
LiPO_1,180,"./LiPo Battery LP-503562-IS-3 EIS, Capacity, ECM Data/LiPO_1/EIS_Charge_discharge/EIS_180/7_EIS.csv",0.160910798204943,2.935234882823366,0.8009938250964309,0.2,2.448601916081965e-07,0.08357520358872768,0.09531760157171425,2.400862547855646,0.35503555062087333,3.337803018622178e-24
LiPO_1,180,"./LiPo Battery LP-503562-IS-3 EIS, Capacity, ECM Data/LiPO_1/EIS_Charge_discharge/EIS_180/6_EIS.csv",0.280922398718692,2.935234882823366,0.8009938250964309,0.3,2.396235344324862e-07,0.08458306091768603,0.07482803124948893,1.7054575000047303,0.40322853151153143,0.002384816302586366
LiPO_1,180,"./LiPo Battery LP-503562-IS-3 EIS, Capacity, ECM Data/LiPO_1/EIS_Charge_discharge/EIS_180/5_EIS.csv",0.400602931016703,2.935234882823366,0.8009938250964309,0.4,2.2402785470830944e-07,0.08637753217310916,0.05907810540540972,1.03694940521237,0.47673597816487856,0.0036911338457942416
LiPO_1,180,"./LiPo Battery LP-503562-IS-3 EIS, Capacity, ECM Data/LiPO_1/EIS_Charge_discharge/EIS_180/4_EIS.csv",0.520282963274602,2.935234882823366,0.8009938250964309,0.5,2.1751507683875308e-07,0.08697489325179676,0.05473755688670638,0.8241321423445669,0.5087967643418805,0.003779602232862103
LiPO_1,180,"./LiPo Battery LP-503562-IS-3 EIS, Capacity, ECM Data/LiPO_1/EIS_Charge_discharge/EIS_180/3_EIS.csv",0.640294759901929,2.935234882823366,0.8009938250964309,0.6,2.1342287442029432e-07,0.08730151564130875,0.05086423602138958,0.6889551210328805,0.5330440107235126,0.0048981509422090005
LiPO_1,180,"./LiPo Battery LP-503562-IS-3 EIS, Capacity, ECM Data/LiPO_1/EIS_Charge_discharge/EIS_180/2_EIS.csv",0.760307220994812,2.935234882823366,0.8009938250964309,0.8,2.1364167849160183e-07,0.08720542995680752,0.04907762458898568,0.6353505747657029,0.5422213220211014,0.006529063271921246
LiPO_1,180,"./LiPo Battery LP-503562-IS-3 EIS, Capacity, ECM Data/LiPO_1/EIS_Charge_discharge/EIS_180/1_EIS.csv",0.880319478354194,2.935234882823366,0.8009938250964309,0.9,2.1613069449157093e-07,0.08683818238507165,0.04714839299245174,0.6207258011329605,0.5441104385490875,0.007312104820238595
LiPO_1,180,"./LiPo Battery LP-503562-IS-3 EIS, Capacity, ECM Data/LiPO_1/EIS_Charge_discharge/EIS_180/0_EIS.csv",1.0,2.935234882823366,0.8009938250964309,1.0,2.2112759283361642e-07,0.08625196855222934,0.04651767156052134,0.5974223348493501,0.5436742479992613,0.0075225270389762565
LiPO_1,204,"./LiPo Battery LP-503562-IS-3 EIS, Capacity, ECM Data/LiPO_1/EIS_Charge_discharge/EIS_204/2_EIS.csv",0.753082930714524,2.841164742934155,0.775323102246225,0.8,2.1632771111886108e-07,0.08805588740548383,0.05031321283978145,0.6254481917614665,0.5450003773217326,0.007010501661713237
LiPO_1,204,"./LiPo Battery LP-503562-IS-3 EIS, Capacity, ECM Data/LiPO_1/EIS_Charge_discharge/EIS_204/1_EIS.csv",0.876712044772927,2.841164742934155,0.775323102246225,0.9,2.184982476087653e-07,0.08765303248507021,0.048241341370011785,0.6200056158285798,0.5457882902627597,0.008015990674562271
LiPO_1,204,"./LiPo Battery LP-503562-IS-3 EIS, Capacity, ECM Data/LiPO_1/EIS_Charge_discharge/EIS_204/0_EIS.csv",1.0,2.841164742934155,0.775323102246225,1.0,2.226975448895107e-07,0.08702291459864399,0.04748535215743995,0.5975625660308072,0.5464470283528869,0.008100269194443725
LiPO_2,0,"./LiPo Battery LP-503562-IS-3 EIS, Capacity, ECM Data/LiPO_2/EIS_Charge_discharge/EIS_0/9_EIS.csv",0.0933246882811448,3.5497204517241463,1.0,0.1,2.296739764539536e-07,0.07487140978426308,0.09608307350195006,2.1106594338855977,0.4178840888151289,2.0498641701829437e-21
LiPO_2,0,"./LiPo Battery LP-503562-IS-3 EIS, Capacity, ECM Data/LiPO_2/EIS_Charge_discharge/EIS_0/8_EIS.csv",0.19419044573703,3.5497204517241463,1.0,0.2,2.2430340466933076e-07,0.07512153219950983,0.08153312383960923,1.6912236743723288,0.44749907067029243,2.8842725058953344e-19
LiPO_2,0,"./LiPo Battery LP-503562-IS-3 EIS, Capacity, ECM Data/LiPO_2/EIS_Charge_discharge/EIS_0/7_EIS.csv",0.294777059770849,3.5497204517241463,1.0,0.3,2.1407173734146139e-07,0.07572815209922819,0.06773659593604467,1.2638331311520627,0.49085074224062997,0.0016980303803343778
LiPO_2,0,"./LiPo Battery LP-503562-IS-3 EIS, Capacity, ECM Data/LiPO_2/EIS_Charge_discharge/EIS_0/6_EIS.csv",0.395363796690334,3.5497204517241463,1.0,0.4,1.9639458224451358e-07,0.07684497941533651,0.05513202193397974,0.8002892785081644,0.5589732538993667,0.0018996047209832792
LiPO_2,0,"./LiPo Battery LP-503562-IS-3 EIS, Capacity, ECM Data/LiPO_2/EIS_Charge_discharge/EIS_0/5_EIS.csv",0.496229595541809,3.5497204517241463,1.0,0.5,1.912373280329575e-07,0.07708441911012999,0.05321719018521596,0.6981555893408935,0.5782055417614209,0.001746529478118049
LiPO_2,0,"./LiPo Battery LP-503562-IS-3 EIS, Capacity, ECM Data/LiPO_2/EIS_Charge_discharge/EIS_0/4_EIS.csv",0.597095308214146,3.5497204517241463,1.0,0.6,1.875273458257387e-07,0.07724873918726574,0.04954713742916855,0.6050563497252598,0.5977019166048995,0.0022934406450406137
LiPO_2,0,"./LiPo Battery LP-503562-IS-3 EIS, Capacity, ECM Data/LiPO_2/EIS_Charge_discharge/EIS_0/3_EIS.csv",0.697961036718687,3.5497204517241463,1.0,0.7,1.8619260222645586e-07,0.0771433061772477,0.04662138012100692,0.5554211817807858,0.6084311744156635,0.0034498386692754478
LiPO_2,0,"./LiPo Battery LP-503562-IS-3 EIS, Capacity, ECM Data/LiPO_2/EIS_Charge_discharge/EIS_0/2_EIS.csv",0.798547598790472,3.5497204517241463,1.0,0.8,1.8571114289941794e-07,0.07697283603148089,0.04512985775796569,0.525872663295587,0.6150064182436875,0.004054997620880414
LiPO_2,0,"./LiPo Battery LP-503562-IS-3 EIS, Capacity, ECM Data/LiPO_2/EIS_Charge_discharge/EIS_0/1_EIS.csv",0.899134083208557,3.5497204517241463,1.0,0.9,1.8792661562239228e-07,0.07678991812742984,0.042566888204094745,0.5047874581460766,0.6185628691053773,0.00451905586571763
LiPO_2,0,"./LiPo Battery LP-503562-IS-3 EIS, Capacity, ECM Data/LiPO_2/EIS_Charge_discharge/EIS_0/0_EIS.csv",1.0,3.5497204517241463,1.0,1.0,1.893165054862896e-07,0.07643454912116011,0.043451092397587564,0.5125876134738778,0.6131187783853908,0.0037004510544906798
LiPO_2,20,"./LiPo Battery LP-503562-IS-3 EIS, Capacity, ECM Data/LiPO_2/EIS_Charge_discharge/EIS_20/9_EIS.csv",0.087718050003511,3.537429655949869,0.9965375313517132,0.1,2.234904955302002e-07,0.07513434694789001,0.09003133855553479,2.586905728727,0.4102964473032548,1.077652814021504e-18
LiPO_2,20,"./LiPo Battery LP-503562-IS-3 EIS, Capacity, ECM Data/LiPO_2/EIS_Charge_discharge/EIS_20/8_EIS.csv",0.188926212130748,3.537429655949869,0.9965375313517132,0.2,2.2229737276358085e-07,0.07514688272537866,0.07507811275199358,2.083408054949711,0.4372058577411858,1.459715287214671e-22
LiPO_2,20,"./LiPo Battery LP-503562-IS-3 EIS, Capacity, ECM Data/LiPO_2/EIS_Charge_discharge/EIS_20/7_EIS.csv",0.290134769914382,3.537429655949869,0.9965375313517132,0.3,2.1429952792381787e-07,0.07569588274642419,0.0591120761523903,1.4651768395726352,0.48781403926375305,0.0019063066027188117
LiPO_2,20,"./LiPo Battery LP-503562-IS-3 EIS, Capacity, ECM Data/LiPO_2/EIS_Charge_discharge/EIS_20/6_EIS.csv",0.391624259260623,3.537429655949869,0.9965375313517132,0.4,1.9802867415788119e-07,0.07670780389419435,0.047190009978562826,0.9003605249794905,0.5595881954877697,0.0017698906161221443
LiPO_2,20,"./LiPo Battery LP-503562-IS-3 EIS, Capacity, ECM Data/LiPO_2/EIS_Charge_discharge/EIS_20/5_EIS.csv",0.493113570011474,3.537429655949869,0.9965375313517132,0.5,1.9457887603639485e-07,0.07690388510481513,0.04503429428602371,0.781793363581001,0.5791086094186747,0.0016651255668655913
LiPO_2,20,"./LiPo Battery LP-503562-IS-3 EIS, Capacity, ECM Data/LiPO_2/EIS_Charge_discharge/EIS_20/4_EIS.csv",0.594602962391157,3.537429655949869,0.9965375313517132,0.6,1.9216945383167646e-07,0.07699092472329952,0.04151437762282584,0.6718022492938981,0.598685023256871,0.0022888085482875124
LiPO_2,20,"./LiPo Battery LP-503562-IS-3 EIS, Capacity, ECM Data/LiPO_2/EIS_Charge_discharge/EIS_20/3_EIS.csv",0.695811596058773,3.537429655949869,0.9965375313517132,0.7,1.915832710889804e-07,0.07687387949219222,0.0388447759916478,0.6223557792002142,0.6084600763014321,0.0036598429053118983
LiPO_2,20,"./LiPo Battery LP-503562-IS-3 EIS, Capacity, ECM Data/LiPO_2/EIS_Charge_discharge/EIS_20/2_EIS.csv",0.797020557545312,3.537429655949869,0.9965375313517132,0.8,1.9381405694617933e-07,0.07655571771131092,0.037684439774161846,0.6004631925193753,0.6106066976392079,0.004346375524715011
LiPO_2,20,"./LiPo Battery LP-503562-IS-3 EIS, Capacity, ECM Data/LiPO_2/EIS_Charge_discharge/EIS_20/1_EIS.csv",0.89851029646682,3.537429655949869,0.9965375313517132,0.9,1.9452214951859636e-07,0.076433277139559,0.035168689925857186,0.5613257180004709,0.6186845464816407,0.004931931578354754
LiPO_2,20,"./LiPo Battery LP-503562-IS-3 EIS, Capacity, ECM Data/LiPO_2/EIS_Charge_discharge/EIS_20/0_EIS.csv",1.0,3.537429655949869,0.9965375313517132,1.0,1.9617218462430568e-07,0.07609876771582352,0.03539278631009732,0.5647157070283333,0.613837163448861,0.003974402547423774
LiPO_2,40,"./LiPo Battery LP-503562-IS-3 EIS, Capacity, ECM Data/LiPO_2/EIS_Charge_discharge/EIS_40/9_EIS.csv",0.0805016174177055,3.5075333347404154,0.9881153692079498,0.1,2.2001141023060163e-07,0.07542746404119087,0.09123310215195837,2.8252650066004903,0.40815234994018734,1.045678652657795e-20
LiPO_2,40,"./LiPo Battery LP-503562-IS-3 EIS, Capacity, ECM Data/LiPO_2/EIS_Charge_discharge/EIS_40/8_EIS.csv",0.182825581084664,3.5075333347404154,0.9881153692079498,0.2,2.1791129930421588e-07,0.07548454692865418,0.07478310979444333,2.248137319523824,0.43736054664304824,2.173220604087599e-19
LiPO_2,40,"./LiPo Battery LP-503562-IS-3 EIS, Capacity, ECM Data/LiPO_2/EIS_Charge_discharge/EIS_40/7_EIS.csv",0.284865872496088,3.5075333347404154,0.9881153692079498,0.3,2.138058920941198e-07,0.07568875195412177,0.05952850148405661,1.6363413072071924,0.47997824608151823,0.0016664971413118499
LiPO_2,40,"./LiPo Battery LP-503562-IS-3 EIS, Capacity, ECM Data/LiPO_2/EIS_Charge_discharge/EIS_40/6_EIS.csv",0.386906939112795,3.5075333347404154,0.9881153692079498,0.4,1.9767595319970243e-07,0.07674809809564856,0.04650531950228691,0.9617003227142965,0.558712545774646,0.0017219632087060446
LiPO_2,40,"./LiPo Battery LP-503562-IS-3 EIS, Capacity, ECM Data/LiPO_2/EIS_Charge_discharge/EIS_40/5_EIS.csv",0.489230965522905,3.5075333347404154,0.9881153692079498,0.5,1.9312232760113015e-07,0.07692349702013154,0.044803428505068396,0.8355100111916526,0.5780725677376475,0.0015374390599376447
LiPO_2,40,"./LiPo Battery LP-503562-IS-3 EIS, Capacity, ECM Data/LiPO_2/EIS_Charge_discharge/EIS_40/4_EIS.csv",0.591554533355889,3.5075333347404154,0.9881153692079498,0.6,1.9141781213475956e-07,0.07697636094553051,0.041333445054909074,0.7210568579342022,0.5965391768972268,0.002134601863263373
LiPO_2,40,"./LiPo Battery LP-503562-IS-3 EIS, Capacity, ECM Data/LiPO_2/EIS_Charge_discharge/EIS_40/3_EIS.csv",0.693878310910802,3.5075333347404154,0.9881153692079498,0.7,3.196533982792555e-07,0.0001235781937577502,0.7100230039714238,6.646853483579049,0.05144960275914353,4.587150390368806e-40
LiPO_2,40,"./LiPo Battery LP-503562-IS-3 EIS, Capacity, ECM Data/LiPO_2/EIS_Charge_discharge/EIS_40/2_EIS.csv",0.795919003495146,3.5075333347404154,0.9881153692079498,0.8,1.9308826619950773e-07,0.07650545998608295,0.03741603205461807,0.6481764341198945,0.6075417358231863,0.004487972060237912
LiPO_2,40,"./LiPo Battery LP-503562-IS-3 EIS, Capacity, ECM Data/LiPO_2/EIS_Charge_discharge/EIS_40/1_EIS.csv",0.897959696253707,3.5075333347404154,0.9881153692079498,0.9,1.9448439360115207e-07,0.07639364505929433,0.03482920812446412,0.605227847623429,0.6160997855014061,0.00504766062548689
LiPO_2,40,"./LiPo Battery LP-503562-IS-3 EIS, Capacity, ECM Data/LiPO_2/EIS_Charge_discharge/EIS_40/0_EIS.csv",1.0,3.5075333347404154,0.9881153692079498,1.0,1.9665327168679897e-07,0.07600529208010746,0.03496492124920589,0.6090338796540659,0.6099804029836849,0.004054461851473399
LiPO_2,60,"./LiPo Battery LP-503562-IS-3 EIS, Capacity, ECM Data/LiPO_2/EIS_Charge_discharge/EIS_60/9_EIS.csv",0.0755442228366193,3.4862570888626334,0.9821215885237701,0.1,2.164082789815062e-07,0.07580669394321533,0.09185605123122999,3.0074172492164895,0.4079771752550996,8.651838763376435e-18
LiPO_2,60,"./LiPo Battery LP-503562-IS-3 EIS, Capacity, ECM Data/LiPO_2/EIS_Charge_discharge/EIS_60/8_EIS.csv",0.178451511338478,3.4862570888626334,0.9821215885237701,0.2,2.160703359210333e-07,0.075736780106528,0.07467207601514661,2.4062955868378264,0.4351891935072237,1.0973618736500024e-18
LiPO_2,60,"./LiPo Battery LP-503562-IS-3 EIS, Capacity, ECM Data/LiPO_2/EIS_Charge_discharge/EIS_60/7_EIS.csv",0.281073993528865,3.4862570888626334,0.9821215885237701,0.3,2.133747318096374e-07,0.07580084345059301,0.05920004759203764,1.7800595147212852,0.474099844497454,0.0014908797985153223
LiPO_2,60,"./LiPo Battery LP-503562-IS-3 EIS, Capacity, ECM Data/LiPO_2/EIS_Charge_discharge/EIS_60/6_EIS.csv",0.383696503419779,3.4862570888626334,0.9821215885237701,0.4,1.9782922226869812e-07,0.07683076680887563,0.045500258622524874,1.0272667442401464,0.5550426123654912,0.0016275525381607289
LiPO_2,60,"./LiPo Battery LP-503562-IS-3 EIS, Capacity, ECM Data/LiPO_2/EIS_Charge_discharge/EIS_60/5_EIS.csv",0.486318658940511,3.4862570888626334,0.9821215885237701,0.5,1.945165540797802e-07,0.0769551869923754,0.043608810090922136,0.8887677090950087,0.5741505076227231,0.0015206691331650915
LiPO_2,60,"./LiPo Battery LP-503562-IS-3 EIS, Capacity, ECM Data/LiPO_2/EIS_Charge_discharge/EIS_60/4_EIS.csv",0.589226010418606,3.4862570888626334,0.9821215885237701,0.6,1.9240399973248154e-07,0.07705239090600469,0.04012567377724711,0.7590251924818414,0.5948416500990764,0.0020765462566206512
LiPO_2,60,"./LiPo Battery LP-503562-IS-3 EIS, Capacity, ECM Data/LiPO_2/EIS_Charge_discharge/EIS_60/3_EIS.csv",0.69213316884843,3.4862570888626334,0.9821215885237701,0.7,1.9263151212406357e-07,0.07690269208286987,0.03739647343195371,0.7017251270106218,0.6042821056414015,0.0036384581786786897
LiPO_2,60,"./LiPo Battery LP-503562-IS-3 EIS, Capacity, ECM Data/LiPO_2/EIS_Charge_discharge/EIS_60/2_EIS.csv",0.794755435975477,3.4862570888626334,0.9821215885237701,0.8,1.9485992054060916e-07,0.07656535690975147,0.03624198872234651,0.6835279991448535,0.6054380961502407,0.00456413029762551
LiPO_2,60,"./LiPo Battery LP-503562-IS-3 EIS, Capacity, ECM Data/LiPO_2/EIS_Charge_discharge/EIS_60/1_EIS.csv",0.897377580374353,3.4862570888626334,0.9821215885237701,0.9,1.959904038832359e-07,0.07640205136704846,0.0337900150315309,0.6416549230591931,0.6124779783898829,0.005084575731869013
LiPO_2,60,"./LiPo Battery LP-503562-IS-3 EIS, Capacity, ECM Data/LiPO_2/EIS_Charge_discharge/EIS_60/0_EIS.csv",1.0,3.4862570888626334,0.9821215885237701,1.0,1.969925254416379e-07,0.07608509773611193,0.03370172303531446,0.6382168523757046,0.6086494546669385,0.004099101861271031
LiPO_2,80,"./LiPo Battery LP-503562-IS-3 EIS, Capacity, ECM Data/LiPO_2/EIS_Charge_discharge/EIS_80/9_EIS.csv",0.0723098319485231,3.4781457959661455,0.9798365373466984,0.1,2.1312902303390843e-07,0.07612805359610156,0.09524870809226796,3.197650363736245,0.40567645937728297,4.788371685752488e-19
LiPO_2,80,"./LiPo Battery LP-503562-IS-3 EIS, Capacity, ECM Data/LiPO_2/EIS_Charge_discharge/EIS_80/8_EIS.csv",0.175481789910018,3.4781457959661455,0.9798365373466984,0.2,2.118250468998342e-07,0.07603058182906604,0.07620355958166163,2.5498898768879292,0.433324124912108,5.206392417213188e-18
LiPO_2,80,"./LiPo Battery LP-503562-IS-3 EIS, Capacity, ECM Data/LiPO_2/EIS_Charge_discharge/EIS_80/7_EIS.csv",0.278653562063989,3.4781457959661455,0.9798365373466984,0.3,2.1456966135894054e-07,0.07576494369103576,0.06126072454481259,1.9710878807890153,0.4626964963108588,0.0011047773816588728
LiPO_2,80,"./LiPo Battery LP-503562-IS-3 EIS, Capacity, ECM Data/LiPO_2/EIS_Charge_discharge/EIS_80/6_EIS.csv",0.381825500952704,3.4781457959661455,0.9798365373466984,0.4,1.9810226549972336e-07,0.07688563124294624,0.04568400884427003,1.0951083744949301,0.5492928027891786,0.0015677643238237399
LiPO_2,80,"./LiPo Battery LP-503562-IS-3 EIS, Capacity, ECM Data/LiPO_2/EIS_Charge_discharge/EIS_80/5_EIS.csv",0.484711849108426,3.4781457959661455,0.9798365373466984,0.5,1.9494851700160044e-07,0.07705144347255093,0.04354935861229612,0.9375054247216668,0.5704007659042792,0.0014643090501610197
LiPO_2,80,"./LiPo Battery LP-503562-IS-3 EIS, Capacity, ECM Data/LiPO_2/EIS_Charge_discharge/EIS_80/4_EIS.csv",0.587598108439271,3.4781457959661455,0.9798365373466984,0.6,1.916847734978214e-07,0.07715146436040014,0.03994895212578741,0.7975512213012659,0.5912491780269751,0.002018237530181762
LiPO_2,80,"./LiPo Battery LP-503562-IS-3 EIS, Capacity, ECM Data/LiPO_2/EIS_Charge_discharge/EIS_80/3_EIS.csv",0.690769785962534,3.4781457959661455,0.9798365373466984,0.7,1.924321166632538e-07,0.07702560521871098,0.037114168717748114,0.7336149427876331,0.6013529304870469,0.0036033467864660254
LiPO_2,80,"./LiPo Battery LP-503562-IS-3 EIS, Capacity, ECM Data/LiPO_2/EIS_Charge_discharge/EIS_80/2_EIS.csv",0.793941699429174,3.4781457959661455,0.9798365373466984,0.8,1.947736592905889e-07,0.07666398187814476,0.03595765093326265,0.7210445566482846,0.6010055704520445,0.004645135372800631
LiPO_2,80,"./LiPo Battery LP-503562-IS-3 EIS, Capacity, ECM Data/LiPO_2/EIS_Charge_discharge/EIS_80/1_EIS.csv",0.897113461162171,3.4781457959661455,0.9798365373466984,0.9,1.9605426954577767e-07,0.0765273627619363,0.033445954904925794,0.6706954170954877,0.6095970576313456,0.005146996780238181
LiPO_2,80,"./LiPo Battery LP-503562-IS-3 EIS, Capacity, ECM Data/LiPO_2/EIS_Charge_discharge/EIS_80/0_EIS.csv",1.0,3.4781457959661455,0.9798365373466984,1.0,1.9675844536551425e-07,0.07628805694019679,0.033243572845020525,0.6590785633264623,0.6073692020714878,0.004145165259055932
LiPO_2,100,"./LiPo Battery LP-503562-IS-3 EIS, Capacity, ECM Data/LiPO_2/EIS_Charge_discharge/EIS_100/9_EIS.csv",0.0683909818557454,3.4566019688768588,0.9737673757374166,0.1,2.0907040495500722e-07,0.07660589776879802,0.09208415569937159,3.3687126416685738,0.40523184679325325,2.268070101545615e-18
LiPO_2,100,"./LiPo Battery LP-503562-IS-3 EIS, Capacity, ECM Data/LiPO_2/EIS_Charge_discharge/EIS_100/8_EIS.csv",0.171839776029878,3.4566019688768588,0.9737673757374166,0.2,2.0988050081268604e-07,0.07643632649864458,0.07406656334389101,2.692058360559102,0.4320663968928115,2.469671581897668e-23
LiPO_2,100,"./LiPo Battery LP-503562-IS-3 EIS, Capacity, ECM Data/LiPO_2/EIS_Charge_discharge/EIS_100/7_EIS.csv",0.275288272311541,3.4566019688768588,0.9737673757374166,0.3,2.1396346889099515e-07,0.07599912808428655,0.06028375979085968,2.114685377759072,0.4566841954171234,0.0010084235753832747
LiPO_2,100,"./LiPo Battery LP-503562-IS-3 EIS, Capacity, ECM Data/LiPO_2/EIS_Charge_discharge/EIS_100/6_EIS.csv",0.379023771022435,3.4566019688768588,0.9737673757374166,0.4,1.9775332457958112e-07,0.07706182722740346,0.04487131200186561,1.1621678228590466,0.5439408226897264,0.0015195015300368657
LiPO_2,100,"./LiPo Battery LP-503562-IS-3 EIS, Capacity, ECM Data/LiPO_2/EIS_Charge_discharge/EIS_100/5_EIS.csv",0.482472126763029,3.4566019688768588,0.9737673757374166,0.5,3.482213798761263e-07,5.149978534189781e-05,0.7166451579886512,6.529007496082991,0.05365054780575556,9.334698284789663e-40
LiPO_2,100,"./LiPo Battery LP-503562-IS-3 EIS, Capacity, ECM Data/LiPO_2/EIS_Charge_discharge/EIS_100/4_EIS.csv",0.586207161085629,3.4566019688768588,0.9737673757374166,0.6,1.92680276503595e-07,0.077357705475002,0.03920920551758101,0.8294353186345995,0.5880470340054266,0.0020036514558216026
LiPO_2,100,"./LiPo Battery LP-503562-IS-3 EIS, Capacity, ECM Data/LiPO_2/EIS_Charge_discharge/EIS_100/3_EIS.csv",0.68965539071929,3.4566019688768588,0.9737673757374166,0.7,1.9276030955422893e-07,0.07723205831773591,0.03656766045558233,0.7667712323327155,0.5973496226753109,0.0035818746054817486
LiPO_2,100,"./LiPo Battery LP-503562-IS-3 EIS, Capacity, ECM Data/LiPO_2/EIS_Charge_discharge/EIS_100/2_EIS.csv",0.793103743932128,3.4566019688768588,0.9737673757374166,0.8,1.952095726853771e-07,0.07688260519518962,0.03552696049190955,0.7491421192815095,0.5972179238704036,0.004708777933507264
LiPO_2,100,"./LiPo Battery LP-503562-IS-3 EIS, Capacity, ECM Data/LiPO_2/EIS_Charge_discharge/EIS_100/1_EIS.csv",0.896551769647457,3.4566019688768588,0.9737673757374166,0.9,1.9550883023204555e-07,0.07678629740305205,0.033132520916455306,0.6912246595286231,0.6074127023608151,0.005167777875394284
LiPO_2,100,"./LiPo Battery LP-503562-IS-3 EIS, Capacity, ECM Data/LiPO_2/EIS_Charge_discharge/EIS_100/0_EIS.csv",1.0,3.4566019688768588,0.9737673757374166,1.0,1.9696713558755066e-07,0.07653890892770844,0.03315990639346225,0.6867631046221974,0.6021225924494384,0.004125955179033165
LiPO_2,120,"./LiPo Battery LP-503562-IS-3 EIS, Capacity, ECM Data/LiPO_2/EIS_Charge_discharge/EIS_120/9_EIS.csv",0.0691566971992996,3.4660709778109666,0.9764349122555411,0.1,2.0554345257888765e-07,0.07714394151300542,0.0885038146163755,3.5034731543684567,0.4063356917192075,5.371613867753767e-23
LiPO_2,120,"./LiPo Battery LP-503562-IS-3 EIS, Capacity, ECM Data/LiPO_2/EIS_Charge_discharge/EIS_120/8_EIS.csv",0.172743182813414,3.4660709778109666,0.9764349122555411,0.2,2.0700158341135211e-07,0.07688808883634812,0.07097409294127577,2.846026034731447,0.43053664872911257,6.834816193010987e-19
LiPO_2,120,"./LiPo Battery LP-503562-IS-3 EIS, Capacity, ECM Data/LiPO_2/EIS_Charge_discharge/EIS_120/7_EIS.csv",0.276042355824269,3.4660709778109666,0.9764349122555411,0.3,2.121100558459144e-07,0.07643506845740516,0.056208342525146004,2.1949275322606443,0.4566071984835187,0.0011593224400036515
LiPO_2,120,"./LiPo Battery LP-503562-IS-3 EIS, Capacity, ECM Data/LiPO_2/EIS_Charge_discharge/EIS_120/6_EIS.csv",0.37934190747496,3.4660709778109666,0.9764349122555411,0.4,1.9918070047898738e-07,0.0773862682635362,0.04187875388020841,1.219575633140917,0.5408874898515386,0.0015729636809144012
LiPO_2,120,"./LiPo Battery LP-503562-IS-3 EIS, Capacity, ECM Data/LiPO_2/EIS_Charge_discharge/EIS_120/5_EIS.csv",0.482928146146576,3.4660709778109666,0.9764349122555411,0.5,1.9620504197591075e-07,0.0775550674725663,0.03978840001156613,1.0390591081607032,0.5620671677837777,0.001497711592040433
LiPO_2,120,"./LiPo Battery LP-503562-IS-3 EIS, Capacity, ECM Data/LiPO_2/EIS_Charge_discharge/EIS_120/4_EIS.csv",0.586514621733279,3.4660709778109666,0.9764349122555411,0.6,1.926202821350367e-07,0.07768431279285037,0.036334689392782824,0.8611504659296833,0.5862789193258848,0.0020939164948723618
LiPO_2,120,"./LiPo Battery LP-503562-IS-3 EIS, Capacity, ECM Data/LiPO_2/EIS_Charge_discharge/EIS_120/3_EIS.csv",0.690101027119776,3.4660709778109666,0.9764349122555411,0.7,1.9310040698696686e-07,0.07759766652577262,0.03378584186898555,0.7906737338377663,0.5967170135978607,0.003780053310548588
LiPO_2,120,"./LiPo Battery LP-503562-IS-3 EIS, Capacity, ECM Data/LiPO_2/EIS_Charge_discharge/EIS_120/2_EIS.csv",0.793400559171621,3.4660709778109666,0.9764349122555411,0.8,1.964130077573863e-07,0.07724185558399063,0.03274053668425632,0.776975396573859,0.5952030779250299,0.0046891060659255916
LiPO_2,120,"./LiPo Battery LP-503562-IS-3 EIS, Capacity, ECM Data/LiPO_2/EIS_Charge_discharge/EIS_120/1_EIS.csv",0.896700338090954,3.4660709778109666,0.9764349122555411,0.9,1.9703319205912324e-07,0.07713507736221821,0.030437176514849163,0.7177399918759652,0.6054791981686407,0.005165076105921465
LiPO_2,120,"./LiPo Battery LP-503562-IS-3 EIS, Capacity, ECM Data/LiPO_2/EIS_Charge_discharge/EIS_120/0_EIS.csv",1.0,3.4660709778109666,0.9764349122555411,1.0,1.982930626607125e-07,0.07694658983788337,0.03039251080055732,0.7050595064903948,0.6013145880832587,0.0041065453435028005
LiPO_2,140,"./LiPo Battery LP-503562-IS-3 EIS, Capacity, ECM Data/LiPO_2/EIS_Charge_discharge/EIS_140/9_EIS.csv",0.0629717353281746,3.4390361928130653,0.9688188801297521,0.1,2.010304438519488e-07,0.0776253114455004,0.09613543411006974,3.6493360116449547,0.40423876306468903,5.293811017376296e-23
LiPO_2,140,"./LiPo Battery LP-503562-IS-3 EIS, Capacity, ECM Data/LiPO_2/EIS_Charge_discharge/EIS_140/8_EIS.csv",0.166957729825348,3.4390361928130653,0.9688188801297521,0.2,2.0300999937770384e-07,0.07728504192955424,0.07543395797303547,2.9525444203369986,0.42862934516338663,1.759286445917435e-22
LiPO_2,140,"./LiPo Battery LP-503562-IS-3 EIS, Capacity, ECM Data/LiPO_2/EIS_Charge_discharge/EIS_140/7_EIS.csv",0.270943594280351,3.4390361928130653,0.9688188801297521,0.3,2.1464432536202687e-07,0.07635503954773634,0.06239569613766334,2.4875098943224625,0.4372543361449363,0.000311552143185892
LiPO_2,140,"./LiPo Battery LP-503562-IS-3 EIS, Capacity, ECM Data/LiPO_2/EIS_Charge_discharge/EIS_140/6_EIS.csv",0.37521823983676,3.4390361928130653,0.9688188801297521,0.4,1.988563424466665e-07,0.07749674543299252,0.04403408412790931,1.3173441622687823,0.5289275829486154,0.0014407714319355995
LiPO_2,140,"./LiPo Battery LP-503562-IS-3 EIS, Capacity, ECM Data/LiPO_2/EIS_Charge_discharge/EIS_140/5_EIS.csv",0.479492749607815,3.4390361928130653,0.9688188801297521,0.5,1.9624915880667311e-07,0.07769922863587655,0.04158697879693688,1.1076999513176817,0.5520741942565262,0.0013946410757286318
LiPO_2,140,"./LiPo Battery LP-503562-IS-3 EIS, Capacity, ECM Data/LiPO_2/EIS_Charge_discharge/EIS_140/4_EIS.csv",0.583767252074508,3.4390361928130653,0.9688188801297521,0.6,1.926407298226862e-07,0.07786233523448828,0.03792887345173885,0.9079023936967977,0.5777732960082553,0.001999254485358891
LiPO_2,140,"./LiPo Battery LP-503562-IS-3 EIS, Capacity, ECM Data/LiPO_2/EIS_Charge_discharge/EIS_140/3_EIS.csv",0.687753428473266,3.4390361928130653,0.9688188801297521,0.7,1.9216826671416973e-07,0.07779002985680591,0.03534325579549014,0.830986534837496,0.5881704923164022,0.003640644645389489
LiPO_2,140,"./LiPo Battery LP-503562-IS-3 EIS, Capacity, ECM Data/LiPO_2/EIS_Charge_discharge/EIS_140/2_EIS.csv",0.79173954566716,3.4390361928130653,0.9688188801297521,0.8,1.9530940193388825e-07,0.07745810815775496,0.034414092599786894,0.810875365883593,0.5875838288478867,0.004753701502171115
LiPO_2,140,"./LiPo Battery LP-503562-IS-3 EIS, Capacity, ECM Data/LiPO_2/EIS_Charge_discharge/EIS_140/1_EIS.csv",0.895725510269294,3.4390361928130653,0.9688188801297521,0.9,1.9623506947993024e-07,0.0773629338964097,0.032112432031211634,0.7522090783905647,0.5968983690343275,0.005162256838033311
LiPO_2,140,"./LiPo Battery LP-503562-IS-3 EIS, Capacity, ECM Data/LiPO_2/EIS_Charge_discharge/EIS_140/0_EIS.csv",1.0,3.4390361928130653,0.9688188801297521,1.0,1.9611334614956544e-07,0.07721043962942706,0.03200463480051714,0.7248821675562552,0.5956640271434722,0.004181643342755554
LiPO_2,160,"./LiPo Battery LP-503562-IS-3 EIS, Capacity, ECM Data/LiPO_2/EIS_Charge_discharge/EIS_160/9_EIS.csv",0.0594069552224703,3.427796239068761,0.9656524466324764,0.1,1.9538515976290986e-07,0.07818989251567478,0.09885822889688609,3.7737012638195595,0.40431996399912845,2.1067434776999138e-24
LiPO_2,160,"./LiPo Battery LP-503562-IS-3 EIS, Capacity, ECM Data/LiPO_2/EIS_Charge_discharge/EIS_160/8_EIS.csv",0.16372399520509,3.427796239068761,0.9656524466324764,0.2,1.9834392000384415e-07,0.0777700153444784,0.07661680669609885,3.063054976805445,0.4277475353005593,2.531914085210777e-22
LiPO_2,160,"./LiPo Battery LP-503562-IS-3 EIS, Capacity, ECM Data/LiPO_2/EIS_Charge_discharge/EIS_160/7_EIS.csv",0.268330951262104,3.427796239068761,0.9656524466324764,0.3,2.1168028881979863e-07,0.07663977323102587,0.06442448513237291,2.6673291526013228,0.42962822794665967,2.0039717561272504e-09
LiPO_2,160,"./LiPo Battery LP-503562-IS-3 EIS, Capacity, ECM Data/LiPO_2/EIS_Charge_discharge/EIS_160/6_EIS.csv",0.372937822470589,3.427796239068761,0.9656524466324764,0.4,1.9869041460782235e-07,0.07770679821710119,0.044611527832691136,1.3985314000919757,0.5210940978008303,0.0013724499006538967
LiPO_2,160,"./LiPo Battery LP-503562-IS-3 EIS, Capacity, ECM Data/LiPO_2/EIS_Charge_discharge/EIS_160/5_EIS.csv",0.477544921768123,3.427796239068761,0.9656524466324764,0.5,1.9576240434123282e-07,0.07789524700908527,0.04199002792898725,1.172665056644915,0.5441054247386554,0.001296184700493851
LiPO_2,160,"./LiPo Battery LP-503562-IS-3 EIS, Capacity, ECM Data/LiPO_2/EIS_Charge_discharge/EIS_160/4_EIS.csv",0.581862334694943,3.427796239068761,0.9656524466324764,0.6,1.9261624001989715e-07,0.07813172583083375,0.03808498207003403,0.9515437740566194,0.571697542682475,0.0019627604348929073
LiPO_2,160,"./LiPo Battery LP-503562-IS-3 EIS, Capacity, ECM Data/LiPO_2/EIS_Charge_discharge/EIS_160/3_EIS.csv",0.686179599855008,3.427796239068761,0.9656524466324764,0.7,1.9255403209821734e-07,0.07808338846991385,0.03542345973392257,0.8605271829993117,0.5836241264395681,0.0036173554536690225
LiPO_2,160,"./LiPo Battery LP-503562-IS-3 EIS, Capacity, ECM Data/LiPO_2/EIS_Charge_discharge/EIS_160/2_EIS.csv",0.79078631137418,3.427796239068761,0.9656524466324764,0.8,1.946410722562723e-07,0.07776506170258154,0.034494777132084826,0.8392836017883334,0.5832322515412679,0.004804771919411495
LiPO_2,160,"./LiPo Battery LP-503562-IS-3 EIS, Capacity, ECM Data/LiPO_2/EIS_Charge_discharge/EIS_160/1_EIS.csv",0.89539314409964,3.427796239068761,0.9656524466324764,0.9,1.9598001220647913e-07,0.07763555658401658,0.03218134378297406,0.7765546687179898,0.5923968634565094,0.005169916656063552
LiPO_2,160,"./LiPo Battery LP-503562-IS-3 EIS, Capacity, ECM Data/LiPO_2/EIS_Charge_discharge/EIS_160/0_EIS.csv",1.0,3.427796239068761,0.9656524466324764,1.0,1.9633231393003478e-07,0.07747139691450948,0.032146539647417274,0.7594561612201625,0.588474827686839,0.004150244732263454
LiPO_2,180,"./LiPo Battery LP-503562-IS-3 EIS, Capacity, ECM Data/LiPO_2/EIS_Charge_discharge/EIS_180/9_EIS.csv",0.0536604083235275,3.403485104299326,0.958803700343842,0.1,1.9928481261408749e-07,0.07919193654257262,0.10676421690792344,3.9304371577575186,0.405708500025297,5.0009486959817725e-22
LiPO_2,180,"./LiPo Battery LP-503562-IS-3 EIS, Capacity, ECM Data/LiPO_2/EIS_Charge_discharge/EIS_180/8_EIS.csv",0.158938882904497,3.403485104299326,0.958803700343842,0.2,2.0384066846872825e-07,0.07857763008647822,0.08059835965939083,3.2092291388364935,0.426898246659799,7.191489317703759e-25
LiPO_2,180,"./LiPo Battery LP-503562-IS-3 EIS, Capacity, ECM Data/LiPO_2/EIS_Charge_discharge/EIS_180/7_EIS.csv",0.264217058043936,3.403485104299326,0.958803700343842,0.3,2.2051148317974194e-07,0.07732051638996598,0.0680469822575372,2.8673285771747774,0.4241036591155104,7.820821072001274e-19
LiPO_2,180,"./LiPo Battery LP-503562-IS-3 EIS, Capacity, ECM Data/LiPO_2/EIS_Charge_discharge/EIS_180/6_EIS.csv",0.369203785951437,3.403485104299326,0.958803700343842,0.4,2.1264649210700358e-07,0.07804787379611765,0.04649935544124234,1.5509422140718587,0.5056544547853896,0.0011977598472005656
LiPO_2,180,"./LiPo Battery LP-503562-IS-3 EIS, Capacity, ECM Data/LiPO_2/EIS_Charge_discharge/EIS_180/5_EIS.csv",0.474190676782853,3.403485104299326,0.958803700343842,0.5,2.0888390675580965e-07,0.0782993546540282,0.043382733969018594,1.2761089056247534,0.5314676846930916,0.001195084544533676
LiPO_2,180,"./LiPo Battery LP-503562-IS-3 EIS, Capacity, ECM Data/LiPO_2/EIS_Charge_discharge/EIS_180/4_EIS.csv",0.579469047703779,3.403485104299326,0.958803700343842,0.6,2.0590711812763357e-07,0.07854852702206856,0.0394594852824718,1.0365146728112797,0.5584545084053966,0.001811466726559496
LiPO_2,180,"./LiPo Battery LP-503562-IS-3 EIS, Capacity, ECM Data/LiPO_2/EIS_Charge_discharge/EIS_180/3_EIS.csv",0.684747456222961,3.403485104299326,0.958803700343842,0.7,2.051411149232466e-07,0.07852354203954687,0.03661480018209491,0.9208862223196178,0.5723618073540773,0.0035055034470743707
LiPO_2,180,"./LiPo Battery LP-503562-IS-3 EIS, Capacity, ECM Data/LiPO_2/EIS_Charge_discharge/EIS_180/2_EIS.csv",0.790025568635582,3.403485104299326,0.958803700343842,0.8,2.0702704606800663e-07,0.078298820475906,0.035557457994834854,0.8895105468440442,0.5741656494070404,0.004791398253151666
LiPO_2,180,"./LiPo Battery LP-503562-IS-3 EIS, Capacity, ECM Data/LiPO_2/EIS_Charge_discharge/EIS_180/1_EIS.csv",0.89501251840073,3.403485104299326,0.958803700343842,0.9,2.0836638282806577e-07,0.07813162040805127,0.03323491846155187,0.8244434656106854,0.5826440861909552,0.005148501681147397
LiPO_2,180,"./LiPo Battery LP-503562-IS-3 EIS, Capacity, ECM Data/LiPO_2/EIS_Charge_discharge/EIS_180/0_EIS.csv",1.0,3.403485104299326,0.958803700343842,1.0,2.0823062582557972e-07,0.07802227341429512,0.0333531082923071,0.7959880927790035,0.5800811893583482,0.004180867654911879
LiPO_2,200,"./LiPo Battery LP-503562-IS-3 EIS, Capacity, ECM Data/LiPO_2/EIS_Charge_discharge/EIS_200/9_EIS.csv",0.0483731878095812,3.3835111611839954,0.9531767943981558,0.0,1.9391574983943804e-07,0.07986779622476062,0.10672951641599653,4.057273857289053,0.406977703680757,1.0330199407576924e-22
LiPO_2,200,"./LiPo Battery LP-503562-IS-3 EIS, Capacity, ECM Data/LiPO_2/EIS_Charge_discharge/EIS_200/8_EIS.csv",0.154207279516035,3.3835111611839954,0.9531767943981558,0.2,1.9919516347068833e-07,0.0791886783941754,0.07983224674015446,3.3121670012927598,0.42788994412406944,1.4217234163863023e-21
LiPO_2,200,"./LiPo Battery LP-503562-IS-3 EIS, Capacity, ECM Data/LiPO_2/EIS_Charge_discharge/EIS_200/7_EIS.csv",0.260041287337153,3.3835111611839954,0.9531767943981558,0.3,2.154951142729233e-07,0.0778306064607281,0.0679398410526544,3.003610220456496,0.42166077860911017,1.7776397075616028e-19
LiPO_2,200,"./LiPo Battery LP-503562-IS-3 EIS, Capacity, ECM Data/LiPO_2/EIS_Charge_discharge/EIS_200/6_EIS.csv",0.365875165418386,3.3835111611839954,0.9531767943981558,0.4,2.1207256201475065e-07,0.07835311903477693,0.04620724410202495,1.6502000261860763,0.4978104716477968,0.0011588219256396344
LiPO_2,200,"./LiPo Battery LP-503562-IS-3 EIS, Capacity, ECM Data/LiPO_2/EIS_Charge_discharge/EIS_200/5_EIS.csv",0.471416351509301,3.3835111611839954,0.9531767943981558,0.5,2.0983966266285733e-07,0.07856555167299444,0.04313109153016196,1.3525777838694355,0.522900755564015,0.0011526128302702457
LiPO_2,200,"./LiPo Battery LP-503562-IS-3 EIS, Capacity, ECM Data/LiPO_2/EIS_Charge_discharge/EIS_200/4_EIS.csv",0.576957547252144,3.3835111611839954,0.9531767943981558,0.6,2.054549417405167e-07,0.07888057536955197,0.03916122612617647,1.0795505183395264,0.5529881350969955,0.0018179771519473789
LiPO_2,200,"./LiPo Battery LP-503562-IS-3 EIS, Capacity, ECM Data/LiPO_2/EIS_Charge_discharge/EIS_200/3_EIS.csv",0.682791589074279,3.3835111611839954,0.9531767943981558,0.7,2.0474197713133343e-07,0.0788576830628321,0.03648499590826474,0.9631088767199515,0.5658026807613085,0.00350666025767568
LiPO_2,200,"./LiPo Battery LP-503562-IS-3 EIS, Capacity, ECM Data/LiPO_2/EIS_Charge_discharge/EIS_200/2_EIS.csv",0.78862531814912,3.3835111611839954,0.9531767943981558,0.8,2.0709594007389916e-07,0.07856609097019873,0.03559467918502128,0.9285293070575207,0.5665332764796628,0.004770954174018548
LiPO_2,200,"./LiPo Battery LP-503562-IS-3 EIS, Capacity, ECM Data/LiPO_2/EIS_Charge_discharge/EIS_200/1_EIS.csv",0.894459214159389,3.3835111611839954,0.9531767943981558,0.9,2.0725683300767996e-07,0.07847724463453268,0.033225244422123656,0.8532634384511228,0.5771451954293236,0.0051420790825854375
LiPO_2,200,"./LiPo Battery LP-503562-IS-3 EIS, Capacity, ECM Data/LiPO_2/EIS_Charge_discharge/EIS_200/0_EIS.csv",1.0,3.3835111611839954,0.9531767943981558,1.0,2.079699368538071e-07,0.07832217709140413,0.033425541444160926,0.8223916581468778,0.5737478646221194,0.004192672728843341
LiPO_2,220,"./LiPo Battery LP-503562-IS-3 EIS, Capacity, ECM Data/LiPO_2/EIS_Charge_discharge/EIS_220/9_EIS.csv",0.0466968282841518,3.379292717256941,0.9519884067534314,0.0,1.8733305203820468e-07,0.08054894307683223,0.10935171328213839,4.139419475226757,0.40944318483728603,6.514981019254178e-26
LiPO_2,220,"./LiPo Battery LP-503562-IS-3 EIS, Capacity, ECM Data/LiPO_2/EIS_Charge_discharge/EIS_220/8_EIS.csv",0.152423825976225,3.379292717256941,0.9519884067534314,0.2,1.9508485751910352e-07,0.07970728066643418,0.08086572584766481,3.396894943024101,0.4279162439638239,4.74360747764915e-22
LiPO_2,220,"./LiPo Battery LP-503562-IS-3 EIS, Capacity, ECM Data/LiPO_2/EIS_Charge_discharge/EIS_220/7_EIS.csv",0.258444387025464,3.379292717256941,0.9519884067534314,0.3,2.1298427604588535e-07,0.0783027466601428,0.06910194678223855,3.1096144283339244,0.4198543626796654,1.1832013928675091e-23
LiPO_2,220,"./LiPo Battery LP-503562-IS-3 EIS, Capacity, ECM Data/LiPO_2/EIS_Charge_discharge/EIS_220/6_EIS.csv",0.364464749549889,3.379292717256941,0.9519884067534314,0.4,2.1248016220020933e-07,0.07856055525211621,0.0469344286823529,1.7514576110385125,0.48884140688765365,0.0010147895041753786
LiPO_2,220,"./LiPo Battery LP-503562-IS-3 EIS, Capacity, ECM Data/LiPO_2/EIS_Charge_discharge/EIS_220/5_EIS.csv",0.470485313226287,3.379292717256941,0.9519884067534314,0.5,2.0873440940911267e-07,0.0788356867288796,0.0432326356186191,1.4109127000212072,0.5169022764591058,0.0011101733448538298
LiPO_2,220,"./LiPo Battery LP-503562-IS-3 EIS, Capacity, ECM Data/LiPO_2/EIS_Charge_discharge/EIS_220/4_EIS.csv",0.576212079954541,3.379292717256941,0.9519884067534314,0.6,2.048646248361174e-07,0.07916849044160909,0.03914809040776057,1.1225367588975816,0.547032679317209,0.0018253887352510715
LiPO_2,220,"./LiPo Battery LP-503562-IS-3 EIS, Capacity, ECM Data/LiPO_2/EIS_Charge_discharge/EIS_220/3_EIS.csv",0.681939201914678,3.379292717256941,0.9519884067534314,0.7,2.039392569409471e-07,0.0791583050467976,0.03634326475427357,0.9940743051047095,0.5610007416444857,0.003498408341222146
LiPO_2,220,"./LiPo Battery LP-503562-IS-3 EIS, Capacity, ECM Data/LiPO_2/EIS_Charge_discharge/EIS_220/2_EIS.csv",0.787959558373489,3.379292717256941,0.9519884067534314,0.8,3.221488971441275e-07,7.075085712751834e-06,0.7774135824515049,6.8675803645198386,0.04654942612602953,4.396120205667945e-42
LiPO_2,220,"./LiPo Battery LP-503562-IS-3 EIS, Capacity, ECM Data/LiPO_2/EIS_Charge_discharge/EIS_220/1_EIS.csv",0.893979740494959,3.379292717256941,0.9519884067534314,0.9,2.084992872205369e-07,0.07877196205028004,0.033017324215331746,0.8784568405581661,0.5724916319803065,0.005111318072574864
LiPO_2,220,"./LiPo Battery LP-503562-IS-3 EIS, Capacity, ECM Data/LiPO_2/EIS_Charge_discharge/EIS_220/0_EIS.csv",1.0,3.379292717256941,0.9519884067534314,1.0,2.0739541660705624e-07,0.07866123089532345,0.033085734175690426,0.8541538653468717,0.5686103362861789,0.004180928875823391
LiPO_2,240,"./LiPo Battery LP-503562-IS-3 EIS, Capacity, ECM Data/LiPO_2/EIS_Charge_discharge/EIS_240/9_EIS.csv",0.0419155107459612,3.36040011727304,0.9466661284949492,0.0,1.8027147347000864e-07,0.0812769696785184,0.11622126811813237,4.1939703826123935,0.41164050578182787,1.6927740599379377e-24
LiPO_2,240,"./LiPo Battery LP-503562-IS-3 EIS, Capacity, ECM Data/LiPO_2/EIS_Charge_discharge/EIS_240/8_EIS.csv",0.148172639343747,3.36040011727304,0.9466661284949492,0.1,1.8953371245574123e-07,0.08031679582224517,0.08402809524975426,3.4409859905551747,0.42932984172673233,3.1117286010798733e-25
LiPO_2,240,"./LiPo Battery LP-503562-IS-3 EIS, Capacity, ECM Data/LiPO_2/EIS_Charge_discharge/EIS_240/7_EIS.csv",0.254429917995507,3.36040011727304,0.9466661284949492,0.3,2.0674344577900012e-07,0.07882998588416862,0.07198152719975526,3.195064073450584,0.41874347772776166,3.853905530210119e-23
LiPO_2,240,"./LiPo Battery LP-503562-IS-3 EIS, Capacity, ECM Data/LiPO_2/EIS_Charge_discharge/EIS_240/6_EIS.csv",0.36098198782267,3.36040011727304,0.9466661284949492,0.4,2.118207618043993e-07,0.07879489969369059,0.04866293757650012,1.874369765129851,0.4780694947747994,0.0009015666543353975
LiPO_2,240,"./LiPo Battery LP-503562-IS-3 EIS, Capacity, ECM Data/LiPO_2/EIS_Charge_discharge/EIS_240/5_EIS.csv",0.467534287596115,3.36040011727304,0.9466661284949492,0.5,2.0855681858076823e-07,0.07908647260621067,0.04420551038307181,1.4825277083682995,0.5083688861797492,0.0010288557163446292
LiPO_2,240,"./LiPo Battery LP-503562-IS-3 EIS, Capacity, ECM Data/LiPO_2/EIS_Charge_discharge/EIS_240/4_EIS.csv",0.574086473840054,3.36040011727304,0.9466661284949492,0.6,2.0415476270739462e-07,0.07944032694548497,0.039928852230034964,1.1757813243665758,0.538900538503405,0.0017551519216518808
LiPO_2,240,"./LiPo Battery LP-503562-IS-3 EIS, Capacity, ECM Data/LiPO_2/EIS_Charge_discharge/EIS_240/3_EIS.csv",0.680343467624478,3.36040011727304,0.9466661284949492,0.7,2.0331651085975392e-07,0.0794827618979843,0.03697943670403479,1.0313025942217007,0.5546429773324488,0.0034815986985613605
LiPO_2,240,"./LiPo Battery LP-503562-IS-3 EIS, Capacity, ECM Data/LiPO_2/EIS_Charge_discharge/EIS_240/2_EIS.csv",0.786895885526136,3.36040011727304,0.9466661284949492,0.8,2.0594214320700672e-07,0.07919721846442927,0.0359959755047136,0.9917202651770081,0.5552671443427651,0.004780459340567868
LiPO_2,240,"./LiPo Battery LP-503562-IS-3 EIS, Capacity, ECM Data/LiPO_2/EIS_Charge_discharge/EIS_240/1_EIS.csv",0.893447756851556,3.36040011727304,0.9466661284949492,0.9,2.0668070420345785e-07,0.0790774296204748,0.033555179997535066,0.9073911513675198,0.5661777221945272,0.005106292894507869
LiPO_2,240,"./LiPo Battery LP-503562-IS-3 EIS, Capacity, ECM Data/LiPO_2/EIS_Charge_discharge/EIS_240/0_EIS.csv",1.0,3.36040011727304,0.9466661284949492,1.0,2.0805985866040556e-07,0.078952909977725,0.03356621511482999,0.8789475422131836,0.5624693575007491,0.004214161585084577
LiPO_2,260,"./LiPo Battery LP-503562-IS-3 EIS, Capacity, ECM Data/LiPO_2/EIS_Charge_discharge/EIS_260/9_EIS.csv",0.037949639544706,3.3444302307052443,0.9421672146269462,0.0,1.7926068666122225e-07,0.0823967075294979,0.11818758303678469,4.271087343590099,0.41553307693367947,2.0945191435393886e-26
LiPO_2,260,"./LiPo Battery LP-503562-IS-3 EIS, Capacity, ECM Data/LiPO_2/EIS_Charge_discharge/EIS_260/8_EIS.csv",0.14497598358722,3.3444302307052443,0.9421672146269462,0.1,1.895560885619933e-07,0.08128826978328155,0.08446140991000635,3.5285699564563386,0.43112925061443347,4.720500620094752e-26
LiPO_2,260,"./LiPo Battery LP-503562-IS-3 EIS, Capacity, ECM Data/LiPO_2/EIS_Charge_discharge/EIS_260/7_EIS.csv",0.251706050304091,3.3444302307052443,0.9421672146269462,0.3,2.0779790010861448e-07,0.07973498597690278,0.07277056655618584,3.3253666979350136,0.4174515494902503,1.521833035382678e-21
LiPO_2,260,"./LiPo Battery LP-503562-IS-3 EIS, Capacity, ECM Data/LiPO_2/EIS_Charge_discharge/EIS_260/6_EIS.csv",0.358435532973389,3.3444302307052443,0.9421672146269462,0.4,2.1820931097793742e-07,0.07931642230480564,0.04970921149231361,2.0369523977510893,0.4655283931096326,0.0007031066468022525
LiPO_2,260,"./LiPo Battery LP-503562-IS-3 EIS, Capacity, ECM Data/LiPO_2/EIS_Charge_discharge/EIS_260/5_EIS.csv",0.465461799989519,3.3444302307052443,0.9421672146269462,0.5,2.1474906334124202e-07,0.07964489740371124,0.04476383296245267,1.595530185394752,0.49709991674380255,0.0008682638288409955
LiPO_2,260,"./LiPo Battery LP-503562-IS-3 EIS, Capacity, ECM Data/LiPO_2/EIS_Charge_discharge/EIS_260/4_EIS.csv",0.572487869280299,3.3444302307052443,0.9421672146269462,0.6,2.1035364697936431e-07,0.08003144844378748,0.04021274865321042,1.251794939804501,0.5291810255388675,0.0017253110768387363
LiPO_2,260,"./LiPo Battery LP-503562-IS-3 EIS, Capacity, ECM Data/LiPO_2/EIS_Charge_discharge/EIS_260/3_EIS.csv",0.679514012023287,3.3444302307052443,0.9421672146269462,0.7,2.0957962901709737e-07,0.0800871668887112,0.0371960734622632,1.0942245523988825,0.5454552933578186,0.0034566886406508204
LiPO_2,260,"./LiPo Battery LP-503562-IS-3 EIS, Capacity, ECM Data/LiPO_2/EIS_Charge_discharge/EIS_260/2_EIS.csv",0.786243833632564,3.3444302307052443,0.9421672146269462,0.8,2.1165744053206354e-07,0.07981709397414169,0.03617836367052681,1.0458597124882725,0.5470439062369286,0.004695031113343797
LiPO_2,260,"./LiPo Battery LP-503562-IS-3 EIS, Capacity, ECM Data/LiPO_2/EIS_Charge_discharge/EIS_260/1_EIS.csv",0.892973595622439,3.3444302307052443,0.9421672146269462,0.9,2.130831432127333e-07,0.07970705499956189,0.03371403709788332,0.9618590435540069,0.5573463087927549,0.0050522081289241785
LiPO_2,260,"./LiPo Battery LP-503562-IS-3 EIS, Capacity, ECM Data/LiPO_2/EIS_Charge_discharge/EIS_260/0_EIS.csv",1.0,3.3444302307052443,0.9421672146269462,1.0,2.1335931131503476e-07,0.07960239481924844,0.03366013729262447,0.923658863810562,0.5547379702537977,0.004149121240914632
LiPO_2,280,"./LiPo Battery LP-503562-IS-3 EIS, Capacity, ECM Data/LiPO_2/EIS_Charge_discharge/EIS_280/9_EIS.csv",0.0368083595958655,3.341753017590079,0.9414130106969255,0.0,1.770779415702913e-07,0.08304589034838032,0.11433872069690273,4.3242719245060135,0.41891046021948364,1.0004848105194351e-26
LiPO_2,280,"./LiPo Battery LP-503562-IS-3 EIS, Capacity, ECM Data/LiPO_2/EIS_Charge_discharge/EIS_280/8_EIS.csv",0.143961907425694,3.341753017590079,0.9414130106969255,0.1,1.875675269986306e-07,0.08188576266235183,0.08139222210604953,3.5894227117201516,0.4333251767550366,6.338663625424382e-23
LiPO_2,280,"./LiPo Battery LP-503562-IS-3 EIS, Capacity, ECM Data/LiPO_2/EIS_Charge_discharge/EIS_280/7_EIS.csv",0.250818263052287,3.341753017590079,0.9414130106969255,0.3,2.0528907991083208e-07,0.08034627119371586,0.069996666753907,3.3862573418351345,0.41948723113612396,2.669747118969213e-26
LiPO_2,280,"./LiPo Battery LP-503562-IS-3 EIS, Capacity, ECM Data/LiPO_2/EIS_Charge_discharge/EIS_280/6_EIS.csv",0.357674656437496,3.341753017590079,0.9414130106969255,0.4,2.1889816894258166e-07,0.07980824739233278,0.04795551176523149,2.0907820223583267,0.46445965914854714,0.0007828710157562462
LiPO_2,280,"./LiPo Battery LP-503562-IS-3 EIS, Capacity, ECM Data/LiPO_2/EIS_Charge_discharge/EIS_280/5_EIS.csv",0.464827882044335,3.341753017590079,0.9414130106969255,0.5,2.159996746325426e-07,0.08009341765630258,0.04302201729729285,1.6377985034879758,0.4954084727752567,0.0010081691849254453
LiPO_2,280,"./LiPo Battery LP-503562-IS-3 EIS, Capacity, ECM Data/LiPO_2/EIS_Charge_discharge/EIS_280/4_EIS.csv",0.571980937079164,3.341753017590079,0.9414130106969255,0.6,2.1226498809495982e-07,0.08044546482459936,0.03862608580149013,1.2825817856141732,0.5271650997018594,0.001807633736409527
LiPO_2,280,"./LiPo Battery LP-503562-IS-3 EIS, Capacity, ECM Data/LiPO_2/EIS_Charge_discharge/EIS_280/3_EIS.csv",0.679134124333036,3.341753017590079,0.9414130106969255,0.7,2.1090621219648202e-07,0.08047988992446302,0.03580328105612941,1.123456616836773,0.5427816987807482,0.003597618723097114
LiPO_2,280,"./LiPo Battery LP-503562-IS-3 EIS, Capacity, ECM Data/LiPO_2/EIS_Charge_discharge/EIS_280/2_EIS.csv",0.785990454508264,3.341753017590079,0.9414130106969255,0.8,2.1410121154804727e-07,0.08023509513529499,0.03479917616998844,1.0759356745880406,0.5441218613872456,0.004668606472234766
LiPO_2,280,"./LiPo Battery LP-503562-IS-3 EIS, Capacity, ECM Data/LiPO_2/EIS_Charge_discharge/EIS_280/1_EIS.csv",0.892847038921101,3.341753017590079,0.9414130106969255,0.9,2.141335369152726e-07,0.0801483839936613,0.03239100456572261,0.9825535057879589,0.5561744968721284,0.00505354470661317
LiPO_2,280,"./LiPo Battery LP-503562-IS-3 EIS, Capacity, ECM Data/LiPO_2/EIS_Charge_discharge/EIS_280/0_EIS.csv",1.0,3.341753017590079,0.9414130106969255,1.0,2.1469781268179113e-07,0.08000022672891402,0.03240996431641602,0.9578061374682573,0.5509011879925771,0.004133977706544126
LiPO_2,300,"./LiPo Battery LP-503562-IS-3 EIS, Capacity, ECM Data/LiPO_2/EIS_Charge_discharge/EIS_300/9_EIS.csv",0.0307677272582669,3.3174817307574287,0.9345754900631918,0.0,1.6835241144715225e-07,0.08388908771720917,0.12474795159814883,4.361624453908241,0.4212227836505677,2.1299465458280324e-25
LiPO_2,300,"./LiPo Battery LP-503562-IS-3 EIS, Capacity, ECM Data/LiPO_2/EIS_Charge_discharge/EIS_300/8_EIS.csv",0.138592511337715,3.3174817307574287,0.9345754900631918,0.1,1.7955947178579836e-07,0.08257639112365633,0.08595455042653427,3.618512653601332,0.43471374456540013,1.2318746161254776e-30
LiPO_2,300,"./LiPo Battery LP-503562-IS-3 EIS, Capacity, ECM Data/LiPO_2/EIS_Charge_discharge/EIS_300/7_EIS.csv",0.246417653084034,3.3174817307574287,0.9345754900631918,0.2,1.982722865274413e-07,0.08097662143597556,0.07404916114778179,3.4488047900254157,0.4191789711743718,8.207520162632888e-23
LiPO_2,300,"./LiPo Battery LP-503562-IS-3 EIS, Capacity, ECM Data/LiPO_2/EIS_Charge_discharge/EIS_300/6_EIS.csv",0.353944489864072,3.3174817307574287,0.9345754900631918,0.4,2.168882362834995e-07,0.07999728252870202,0.051279533720714074,2.2578898353461296,0.4505316464147082,0.0004915983591528829
LiPO_2,300,"./LiPo Battery LP-503562-IS-3 EIS, Capacity, ECM Data/LiPO_2/EIS_Charge_discharge/EIS_300/5_EIS.csv",0.461471277284578,3.3174817307574287,0.9345754900631918,0.5,2.1372406409349363e-07,0.08032502003660054,0.045154554945373696,1.7244531097927003,0.4846252662659743,0.0008600976416873492
LiPO_2,300,"./LiPo Battery LP-503562-IS-3 EIS, Capacity, ECM Data/LiPO_2/EIS_Charge_discharge/EIS_300/4_EIS.csv",0.569296490890141,3.3174817307574287,0.9345754900631918,0.6,2.0951412658635177e-07,0.080704085833195,0.040518912999592364,1.349670749935179,0.5163156493103188,0.0016635825869539527
LiPO_2,300,"./LiPo Battery LP-503562-IS-3 EIS, Capacity, ECM Data/LiPO_2/EIS_Charge_discharge/EIS_300/3_EIS.csv",0.677121701189616,3.3174817307574287,0.9345754900631918,0.7,2.0837666881083052e-07,0.08082215956722089,0.037351619269285284,1.1629168452452536,0.5347709755861849,0.003476662959939708
LiPO_2,300,"./LiPo Battery LP-503562-IS-3 EIS, Capacity, ECM Data/LiPO_2/EIS_Charge_discharge/EIS_300/2_EIS.csv",0.784946575041338,3.3174817307574287,0.9345754900631918,0.8,2.111448399959582e-07,0.08057321243634957,0.036275611318427325,1.108759062042428,0.5363052229229609,0.0046618639652312045
LiPO_2,300,"./LiPo Battery LP-503562-IS-3 EIS, Capacity, ECM Data/LiPO_2/EIS_Charge_discharge/EIS_300/1_EIS.csv",0.892473091183632,3.3174817307574287,0.9345754900631918,0.9,2.115495051587213e-07,0.08048718927810437,0.03377754957975422,1.0123954920622282,0.54811842781454,0.00501404521438413
LiPO_2,300,"./LiPo Battery LP-503562-IS-3 EIS, Capacity, ECM Data/LiPO_2/EIS_Charge_discharge/EIS_300/0_EIS.csv",1.0,3.3174817307574287,0.9345754900631918,1.0,2.1276232760295676e-07,0.08033716496247877,0.03375220476300424,0.9792286659231773,0.5435122454473705,0.0041704848614018426
LiPO_2,320,"./LiPo Battery LP-503562-IS-3 EIS, Capacity, ECM Data/LiPO_2/EIS_Charge_discharge/EIS_320/9_EIS.csv",0.0252343017549396,3.2963534449497107,0.9286233915542922,0.0,1.6170478847428758e-07,0.08467018867465768,0.12776515147301287,4.424212179937021,0.42379817517079027,2.948768645273578e-23
LiPO_2,320,"./LiPo Battery LP-503562-IS-3 EIS, Capacity, ECM Data/LiPO_2/EIS_Charge_discharge/EIS_320/8_EIS.csv",0.13337478919173,3.2963534449497107,0.9286233915542922,0.1,1.7463112809079702e-07,0.0832435695595148,0.08643414028184125,3.6613543845736922,0.43666332256797163,5.1028817409722605e-25
LiPO_2,320,"./LiPo Battery LP-503562-IS-3 EIS, Capacity, ECM Data/LiPO_2/EIS_Charge_discharge/EIS_320/7_EIS.csv",0.241515352631233,3.2963534449497107,0.9286233915542922,0.2,1.929401132804895e-07,0.08163720573394301,0.0748322986067837,3.5073290115370406,0.4202808764204083,4.060083977702543e-26
LiPO_2,320,"./LiPo Battery LP-503562-IS-3 EIS, Capacity, ECM Data/LiPO_2/EIS_Charge_discharge/EIS_320/6_EIS.csv",0.349956112479016,3.2963534449497107,0.9286233915542922,0.3,2.1477818959127054e-07,0.0803623466288355,0.052510545931755664,2.3922970411338302,0.44199530788863756,0.00042316986636194116
LiPO_2,320,"./LiPo Battery LP-503562-IS-3 EIS, Capacity, ECM Data/LiPO_2/EIS_Charge_discharge/EIS_320/5_EIS.csv",0.458396648128279,3.2963534449497107,0.9286233915542922,0.5,2.1290980502610992e-07,0.08070926117782501,0.04578264917086982,1.7971191735062562,0.477673028057813,0.0007608485852872972
LiPO_2,320,"./LiPo Battery LP-503562-IS-3 EIS, Capacity, ECM Data/LiPO_2/EIS_Charge_discharge/EIS_320/4_EIS.csv",0.566837230384558,3.2963534449497107,0.9286233915542922,0.6,2.0945007446379015e-07,0.08106832862485279,0.041272984859279965,1.418619780214029,0.507544614291559,0.001572029072906494
LiPO_2,320,"./LiPo Battery LP-503562-IS-3 EIS, Capacity, ECM Data/LiPO_2/EIS_Charge_discharge/EIS_320/3_EIS.csv",0.674978147239188,3.2963534449497107,0.9286233915542922,0.7,2.0781896895595324e-07,0.08121159541562041,0.03800650925205874,1.209143937570263,0.5272506647877385,0.0034094671664025166
LiPO_2,320,"./LiPo Battery LP-503562-IS-3 EIS, Capacity, ECM Data/LiPO_2/EIS_Charge_discharge/EIS_320/2_EIS.csv",0.783118780629824,3.2963534449497107,0.9286233915542922,0.8,2.096379381929167e-07,0.08098928522160721,0.036837944712007624,1.137616937796626,0.5307270194880768,0.004662050787302425
LiPO_2,320,"./LiPo Battery LP-503562-IS-3 EIS, Capacity, ECM Data/LiPO_2/EIS_Charge_discharge/EIS_320/1_EIS.csv",0.891559293615738,3.2963534449497107,0.9286233915542922,0.9,2.097544541889377e-07,0.08090823710845872,0.03431475605419997,1.0368522774504991,0.5428946885525787,0.005036021804371281
LiPO_2,320,"./LiPo Battery LP-503562-IS-3 EIS, Capacity, ECM Data/LiPO_2/EIS_Charge_discharge/EIS_320/0_EIS.csv",1.0,3.2963534449497107,0.9286233915542922,1.0,2.1190998483964988e-07,0.08073983246296935,0.03434299332906271,1.0054338537233591,0.5375985216738416,0.0042002001358178685
LiPO_3,0,"./LiPo Battery LP-503562-IS-3 EIS, Capacity, ECM Data/LiPO_3/EIS_Charge_discharge/EIS_0/9_EIS.csv",0.0854307108008909,3.5335920939927306,1.0,0.1,2.342749360362837e-07,0.07602223378129745,0.055357241023172514,1.7595609609573668,0.44186164639694747,0.0016747124236556987
LiPO_3,0,"./LiPo Battery LP-503562-IS-3 EIS, Capacity, ECM Data/LiPO_3/EIS_Charge_discharge/EIS_0/8_EIS.csv",0.186892936306129,3.5335920939927306,1.0,0.2,2.251305774596584e-07,0.07668554514302492,0.04709908692250269,1.2785487884498539,0.4894856533624792,0.0018730253107657204
LiPO_3,0,"./LiPo Battery LP-503562-IS-3 EIS, Capacity, ECM Data/LiPO_3/EIS_Charge_discharge/EIS_0/7_EIS.csv",0.28835525613124,3.5335920939927306,1.0,0.3,2.17076521503686e-07,0.07700460799890656,0.04213137004769731,0.9876207022989449,0.5262673285097301,0.0026664220196930127
LiPO_3,0,"./LiPo Battery LP-503562-IS-3 EIS, Capacity, ECM Data/LiPO_3/EIS_Charge_discharge/EIS_0/6_EIS.csv",0.390099330678835,3.5335920939927306,1.0,0.4,2.089813400644678e-07,0.0775040022815023,0.037399179677862285,0.6895725210039588,0.5759802882719064,0.0022992480559441923
LiPO_3,0,"./LiPo Battery LP-503562-IS-3 EIS, Capacity, ECM Data/LiPO_3/EIS_Charge_discharge/EIS_0/5_EIS.csv",0.49184308636519,3.5335920939927306,1.0,0.5,2.07004526588813e-07,0.07753776536968814,0.037107718821620936,0.6279713724074597,0.5869455394952988,0.0021450670004941
LiPO_3,0,"./LiPo Battery LP-503562-IS-3 EIS, Capacity, ECM Data/LiPO_3/EIS_Charge_discharge/EIS_0/4_EIS.csv",0.593587060787707,3.5335920939927306,1.0,0.6,2.057571197146065e-07,0.07758217310220247,0.03566835618464401,0.5581043771885721,0.6012793546841659,0.0024614491860448146
LiPO_3,0,"./LiPo Battery LP-503562-IS-3 EIS, Capacity, ECM Data/LiPO_3/EIS_Charge_discharge/EIS_0/3_EIS.csv",0.695049540252127,3.5335920939927306,1.0,0.7,2.0428787639750505e-07,0.07750131990443214,0.03440736828082337,0.5150336973393912,0.611007606526728,0.0033356313712473063
LiPO_3,0,"./LiPo Battery LP-503562-IS-3 EIS, Capacity, ECM Data/LiPO_3/EIS_Charge_discharge/EIS_0/2_EIS.csv",0.796512073470602,3.5335920939927306,1.0,0.8,2.0518049386115296e-07,0.07724541214499822,0.034230964030121644,0.5017760782158984,0.611946162415927,0.0037803770546358632
LiPO_3,0,"./LiPo Battery LP-503562-IS-3 EIS, Capacity, ECM Data/LiPO_3/EIS_Charge_discharge/EIS_0/1_EIS.csv",0.898256156023955,3.5335920939927306,1.0,0.9,2.0831772859193854e-07,0.07704231570598685,0.032877856450589944,0.49540463403452,0.6125772731508506,0.004130508789414238
LiPO_3,0,"./LiPo Battery LP-503562-IS-3 EIS, Capacity, ECM Data/LiPO_3/EIS_Charge_discharge/EIS_0/0_EIS.csv",1.0,3.5335920939927306,1.0,1.0,2.096932725163524e-07,0.07668785794488424,0.0337636689810899,0.5228499329533116,0.5997861350621999,0.0032790677276161757
LiPO_3,45,"./LiPo Battery LP-503562-IS-3 EIS, Capacity, ECM Data/LiPO_3/EIS_Charge_discharge/EIS_45/9_EIS.csv",0.0030742023236766,3.2281578650608775,0.9135626804658338,0.0,2.3657192094731274e-07,0.0768998475616408,0.10368582560642157,4.080830355237857,0.3192554939424642,1.2149462339975333e-18
LiPO_3,45,"./LiPo Battery LP-503562-IS-3 EIS, Capacity, ECM Data/LiPO_3/EIS_Charge_discharge/EIS_45/8_EIS.csv",0.114014478844554,3.2281578650608775,0.9135626804658338,0.1,2.2687535043662926e-07,0.07822557440552783,0.0645373153505906,2.357292081611343,0.3971330535953544,3.905340300792268e-41
LiPO_3,45,"./LiPo Battery LP-503562-IS-3 EIS, Capacity, ECM Data/LiPO_3/EIS_Charge_discharge/EIS_45/7_EIS.csv",0.224647960535923,3.2281578650608775,0.9135626804658338,0.2,2.2271679661733765e-07,0.07870680428366733,0.05356058231730489,1.7563009654244448,0.43773722165648443,0.0015724811045763228
LiPO_3,45,"./LiPo Battery LP-503562-IS-3 EIS, Capacity, ECM Data/LiPO_3/EIS_Charge_discharge/EIS_45/6_EIS.csv",0.335280958639518,3.2281578650608775,0.9135626804658338,0.3,2.0914292876084918e-07,0.0799699107023256,0.04138652217037805,0.9771956424009031,0.5198465682564416,0.0029027161916908143
LiPO_3,45,"./LiPo Battery LP-503562-IS-3 EIS, Capacity, ECM Data/LiPO_3/EIS_Charge_discharge/EIS_45/5_EIS.csv",0.446221170740675,3.2281578650608775,0.9135626804658338,0.4,2.0454552093416277e-07,0.08038515732298145,0.038592108489641244,0.7622536470729722,0.5523782923376033,0.0024867116379800247
LiPO_3,45,"./LiPo Battery LP-503562-IS-3 EIS, Capacity, ECM Data/LiPO_3/EIS_Charge_discharge/EIS_45/4_EIS.csv",0.557161122383224,3.2281578650608775,0.9135626804658338,0.6,2.0153042411078525e-07,0.0807110020474539,0.03658163704013637,0.6286269436662566,0.5760729033178528,0.0028287196638331078
LiPO_3,45,"./LiPo Battery LP-503562-IS-3 EIS, Capacity, ECM Data/LiPO_3/EIS_Charge_discharge/EIS_45/3_EIS.csv",0.66810114544254,3.2281578650608775,0.9135626804658338,0.7,2.0142800280329836e-07,0.08075673398603725,0.03465205274307368,0.5473745698859531,0.5910675646791762,0.0041471523684313265
LiPO_3,45,"./LiPo Battery LP-503562-IS-3 EIS, Capacity, ECM Data/LiPO_3/EIS_Charge_discharge/EIS_45/2_EIS.csv",0.778734117201785,3.2281578650608775,0.9135626804658338,0.8,2.020932208079234e-07,0.08063883811571446,0.03399913147860309,0.5103589161282807,0.5967271389470262,0.0050746833872213
LiPO_3,45,"./LiPo Battery LP-503562-IS-3 EIS, Capacity, ECM Data/LiPO_3/EIS_Charge_discharge/EIS_45/1_EIS.csv",0.889367106396449,3.2281578650608775,0.9135626804658338,0.9,2.441051548692463e-07,5.290278558550582e-07,0.4599960877635641,5.987639362860591,0.045501524597150775,1.9433048012752703e-36
LiPO_3,45,"./LiPo Battery LP-503562-IS-3 EIS, Capacity, ECM Data/LiPO_3/EIS_Charge_discharge/EIS_45/0_EIS.csv",1.0,3.2281578650608775,0.9135626804658338,1.0,2.066599573670765e-07,0.08015774488368198,0.03354377895044581,0.48271891669629546,0.5929543496381017,0.005106723730807033
LiPO_3,80,"./LiPo Battery LP-503562-IS-3 EIS, Capacity, ECM Data/LiPO_3/EIS_Charge_discharge/EIS_80/9_EIS.csv",0.0214227379754297,3.282659558893206,0.9289865585996411,0.0,2.193422906902205e-07,0.07969207052698905,0.10131946665179888,3.8202670746769964,0.33872013789257166,6.290501763312637e-21
LiPO_3,80,"./LiPo Battery LP-503562-IS-3 EIS, Capacity, ECM Data/LiPO_3/EIS_Charge_discharge/EIS_80/8_EIS.csv",0.129952585369823,3.282659558893206,0.9289865585996411,0.1,2.1741377184526104e-07,0.0799631651509229,0.0698786003183152,2.604078409990973,0.3903441214028845,5.63437133875381e-19
LiPO_3,80,"./LiPo Battery LP-503562-IS-3 EIS, Capacity, ECM Data/LiPO_3/EIS_Charge_discharge/EIS_80/7_EIS.csv",0.238783749178938,3.282659558893206,0.9289865585996411,0.2,2.242515214878699e-07,0.0794473860501215,0.06119689037529506,2.1923461517532012,0.40582961662116623,0.0006960845348983485
LiPO_3,80,"./LiPo Battery LP-503562-IS-3 EIS, Capacity, ECM Data/LiPO_3/EIS_Charge_discharge/EIS_80/6_EIS.csv",0.347614975455981,3.282659558893206,0.9289865585996411,0.3,2.0952959764574924e-07,0.0810272910976726,0.04518944290739543,1.1516362805167895,0.49623527177597626,0.0025323489642551903
LiPO_3,80,"./LiPo Battery LP-503562-IS-3 EIS, Capacity, ECM Data/LiPO_3/EIS_Charge_discharge/EIS_80/5_EIS.csv",0.456446178876255,3.282659558893206,0.9289865585996411,0.5,2.0454653101763184e-07,0.08151711077001371,0.04219539333120365,0.9058004377160696,0.5280207009939306,0.002196529604860902
LiPO_3,80,"./LiPo Battery LP-503562-IS-3 EIS, Capacity, ECM Data/LiPO_3/EIS_Charge_discharge/EIS_80/4_EIS.csv",0.564976343086053,3.282659558893206,0.9289865585996411,0.6,2.0004508975187554e-07,0.0819043135129288,0.039540874564784084,0.7298322052249022,0.5551470314099968,0.0025915135895319924
LiPO_3,80,"./LiPo Battery LP-503562-IS-3 EIS, Capacity, ECM Data/LiPO_3/EIS_Charge_discharge/EIS_80/3_EIS.csv",0.673506166978166,3.282659558893206,0.9289865585996411,0.7,1.9930616333621306e-07,0.08206020511747207,0.037179116447358065,0.6247792735316059,0.5736020659707052,0.004053210313856871
LiPO_3,80,"./LiPo Battery LP-503562-IS-3 EIS, Capacity, ECM Data/LiPO_3/EIS_Charge_discharge/EIS_80/2_EIS.csv",0.782337347677542,3.282659558893206,0.9289865585996411,0.8,2.0040253242808084e-07,0.08189473390921816,0.03662333598253528,0.5951626011653673,0.5756590479118001,0.0052984469883349365
LiPO_3,80,"./LiPo Battery LP-503562-IS-3 EIS, Capacity, ECM Data/LiPO_3/EIS_Charge_discharge/EIS_80/1_EIS.csv",0.891168570430675,3.282659558893206,0.9289865585996411,0.9,2.02127539305582e-07,0.081693587283133,0.03486042235271654,0.5514141905884858,0.5835058849608834,0.005763526615352447
LiPO_3,80,"./LiPo Battery LP-503562-IS-3 EIS, Capacity, ECM Data/LiPO_3/EIS_Charge_discharge/EIS_80/0_EIS.csv",1.0,3.282659558893206,0.9289865585996411,1.0,2.0481529068441984e-07,0.0814552873992717,0.03542152848370192,0.5310660582429124,0.5794181674191542,0.004906465449258702
LiPO_3,90,"./LiPo Battery LP-503562-IS-3 EIS, Capacity, ECM Data/LiPO_3/EIS_Charge_discharge/EIS_90/9_EIS.csv",0.0103953060234241,3.2486347972723615,0.9193576142518517,0.0,2.1208779888131517e-07,0.08011318115990575,0.11237422812908755,4.438418614255768,0.32707133220310747,3.0580626218912847e-18
LiPO_3,90,"./LiPo Battery LP-503562-IS-3 EIS, Capacity, ECM Data/LiPO_3/EIS_Charge_discharge/EIS_90/8_EIS.csv",0.120486875456862,3.2486347972723615,0.9193576142518517,0.1,2.140494703061434e-07,0.08021785837488161,0.06938064864657437,2.8343812595105016,0.3847970107402583,4.2540172272721744e-17
LiPO_3,90,"./LiPo Battery LP-503562-IS-3 EIS, Capacity, ECM Data/LiPO_3/EIS_Charge_discharge/EIS_90/7_EIS.csv",0.230273740397243,3.2486347972723615,0.9193576142518517,0.2,2.1977969441288595e-07,0.07981814059651937,0.05856720500968907,2.2939750853997682,0.40612055223342436,0.0009019440698448014
LiPO_3,90,"./LiPo Battery LP-503562-IS-3 EIS, Capacity, ECM Data/LiPO_3/EIS_Charge_discharge/EIS_90/6_EIS.csv",0.34006033756409,3.2486347972723615,0.9193576142518517,0.3,2.0815920963451457e-07,0.08116960767580521,0.042973842029089805,1.2162511000643768,0.49340615601860605,0.0028522894569058786
LiPO_3,90,"./LiPo Battery LP-503562-IS-3 EIS, Capacity, ECM Data/LiPO_3/EIS_Charge_discharge/EIS_90/5_EIS.csv",0.450151796945412,3.2486347972723615,0.9193576142518517,0.5,2.0329886893305944e-07,0.08169813996848785,0.03939211340208678,0.9154558821674136,0.5308585825933659,0.002517604283333327
LiPO_3,90,"./LiPo Battery LP-503562-IS-3 EIS, Capacity, ECM Data/LiPO_3/EIS_Charge_discharge/EIS_90/4_EIS.csv",0.560243151429025,3.2486347972723615,0.9193576142518517,0.6,1.9970577344632403e-07,0.08205231876421167,0.03695020578715646,0.7390372366698891,0.5570419240793565,0.0029530136612799535
LiPO_3,90,"./LiPo Battery LP-503562-IS-3 EIS, Capacity, ECM Data/LiPO_3/EIS_Charge_discharge/EIS_90/3_EIS.csv",0.670334721333214,3.2486347972723615,0.9193576142518517,0.7,1.990614298665717e-07,0.08215246825422569,0.03494496783145531,0.6431382162749633,0.5724493855689144,0.0044771887881387105
LiPO_3,90,"./LiPo Battery LP-503562-IS-3 EIS, Capacity, ECM Data/LiPO_3/EIS_Charge_discharge/EIS_90/2_EIS.csv",0.78012172981215,3.2486347972723615,0.9193576142518517,0.8,2.0002723273211582e-07,0.0820503489020691,0.03432644225029864,0.6037647262153744,0.5767975336055725,0.0054003581001367445
LiPO_3,90,"./LiPo Battery LP-503562-IS-3 EIS, Capacity, ECM Data/LiPO_3/EIS_Charge_discharge/EIS_90/1_EIS.csv",0.889908572762055,3.2486347972723615,0.9193576142518517,0.9,2.0263179087362964e-07,0.08183682804663311,0.03277561615986732,0.571506877227279,0.5822388168031027,0.0058939432110641735
LiPO_3,90,"./LiPo Battery LP-503562-IS-3 EIS, Capacity, ECM Data/LiPO_3/EIS_Charge_discharge/EIS_90/0_EIS.csv",1.0,3.2486347972723615,0.9193576142518517,1.0,2.0164619173795637e-07,0.08176763805731785,0.033392078278354435,0.5421947073204956,0.581273810268046,0.00539043482663772
LiPO_3,135,"./LiPo Battery LP-503562-IS-3 EIS, Capacity, ECM Data/LiPO_3/EIS_Charge_discharge/EIS_135/9_EIS.csv",-0.0181972438168596,3.149270410410878,0.8912376773099484,-0.0,1.9249503097559442e-07,0.08267873332098932,0.17954585875468876,5.511234895743069,0.3123259134111464,3.9316361308886574e-19
LiPO_3,135,"./LiPo Battery LP-503562-IS-3 EIS, Capacity, ECM Data/LiPO_3/EIS_Charge_discharge/EIS_135/8_EIS.csv",0.0950749938261317,3.149270410410878,0.8912376773099484,0.1,1.982920415357393e-07,0.08194065325981814,0.08147800822566308,3.261581588555326,0.3746797366730633,4.328625498234356e-21
LiPO_3,135,"./LiPo Battery LP-503562-IS-3 EIS, Capacity, ECM Data/LiPO_3/EIS_Charge_discharge/EIS_135/7_EIS.csv",0.208347368875257,3.149270410410878,0.8912376773099484,0.2,2.1323792756177088e-07,0.08072205540312263,0.06898614116137051,2.8048125101953993,0.3809898603891931,1.130152472802926e-23
LiPO_3,135,"./LiPo Battery LP-503562-IS-3 EIS, Capacity, ECM Data/LiPO_3/EIS_Charge_discharge/EIS_135/6_EIS.csv",0.321306328829259,3.149270410410878,0.8912376773099484,0.3,2.1068981500650977e-07,0.08153390263538468,0.04958785006750502,1.620999795762612,0.45096354644676356,0.0027256565230596537
LiPO_3,135,"./LiPo Battery LP-503562-IS-3 EIS, Capacity, ECM Data/LiPO_3/EIS_Charge_discharge/EIS_135/5_EIS.csv",0.434265271763586,3.149270410410878,0.8912376773099484,0.4,2.0274470092166325e-07,0.08241801206735634,0.04243801909151445,1.074424813468462,0.5063262730075399,0.002605744327776311
LiPO_3,135,"./LiPo Battery LP-503562-IS-3 EIS, Capacity, ECM Data/LiPO_3/EIS_Charge_discharge/EIS_135/4_EIS.csv",0.547537447155513,3.149270410410878,0.8912376773099484,0.5,1.990805016221934e-07,0.08286385748746142,0.03962529124156178,0.8629446792466188,0.5339092745213613,0.00302347937463227
LiPO_3,135,"./LiPo Battery LP-503562-IS-3 EIS, Capacity, ECM Data/LiPO_3/EIS_Charge_discharge/EIS_135/3_EIS.csv",0.660809873945333,3.149270410410878,0.8912376773099484,0.7,1.9694503029254202e-07,0.08309048753002447,0.037182497877716415,0.7275103695410596,0.5540284149433115,0.004624523562985073
LiPO_3,135,"./LiPo Battery LP-503562-IS-3 EIS, Capacity, ECM Data/LiPO_3/EIS_Charge_discharge/EIS_135/2_EIS.csv",0.77408233304997,3.149270410410878,0.8912376773099484,0.8,1.9905180496248878e-07,0.08296572160753297,0.036447330222245215,0.6753462401243598,0.5588207238032723,0.005625555938412017
LiPO_3,135,"./LiPo Battery LP-503562-IS-3 EIS, Capacity, ECM Data/LiPO_3/EIS_Charge_discharge/EIS_135/1_EIS.csv",0.887041058975527,3.149270410410878,0.8912376773099484,0.9,2.003512313643028e-07,0.08282972026512643,0.03475814444098228,0.6327661304691191,0.5658614781292378,0.006161768513923196
LiPO_3,135,"./LiPo Battery LP-503562-IS-3 EIS, Capacity, ECM Data/LiPO_3/EIS_Charge_discharge/EIS_135/0_EIS.csv",1.0,3.149270410410878,0.8912376773099484,1.0,2.0144926194879457e-07,0.08273395009207835,0.03535999094275933,0.6053472633645277,0.5636631145542085,0.005894878913347254
LiPO_3,180,"./LiPo Battery LP-503562-IS-3 EIS, Capacity, ECM Data/LiPO_3/EIS_Charge_discharge/EIS_180/8_EIS.csv",0.0744592113898668,3.071844300568704,0.8693262320206628,0.1,1.8374245208750134e-07,0.08381321070366429,0.09234358782692183,3.5645417165608566,0.37133209248937016,6.991694464550634e-20
LiPO_3,180,"./LiPo Battery LP-503562-IS-3 EIS, Capacity, ECM Data/LiPO_3/EIS_Charge_discharge/EIS_180/7_EIS.csv",0.189991573611285,3.071844300568704,0.8693262320206628,0.2,2.0233702230118162e-07,0.08227811506995841,0.07562295825148507,3.064256816942158,0.3752794881770804,3.5582413381005024e-20
LiPO_3,180,"./LiPo Battery LP-503562-IS-3 EIS, Capacity, ECM Data/LiPO_3/EIS_Charge_discharge/EIS_180/6_EIS.csv",0.305523999679264,3.071844300568704,0.8693262320206628,0.3,2.1096730460336468e-07,0.08200241389825433,0.05639406165650986,2.0439297917550596,0.4167979981120204,0.002333537270925127
LiPO_3,180,"./LiPo Battery LP-503562-IS-3 EIS, Capacity, ECM Data/LiPO_3/EIS_Charge_discharge/EIS_180/5_EIS.csv",0.421376990489783,3.071844300568704,0.8693262320206628,0.4,2.025612811729731e-07,0.0831700841988594,0.045049969437983665,1.2225009958400757,0.4865514326974935,0.0027626408104560996
LiPO_3,180,"./LiPo Battery LP-503562-IS-3 EIS, Capacity, ECM Data/LiPO_3/EIS_Charge_discharge/EIS_180/4_EIS.csv",0.53722997812578,3.071844300568704,0.8693262320206628,0.5,1.9864900414360073e-07,0.08364700242359469,0.04182330674246975,0.971784531867237,0.5155517929533913,0.003115009865961898
LiPO_3,180,"./LiPo Battery LP-503562-IS-3 EIS, Capacity, ECM Data/LiPO_3/EIS_Charge_discharge/EIS_180/3_EIS.csv",0.653082633086745,3.071844300568704,0.8693262320206628,0.7,1.963868705009427e-07,0.08396609307393903,0.038912984457660595,0.8031607982950043,0.5389707170454061,0.004842232892102762
LiPO_3,180,"./LiPo Battery LP-503562-IS-3 EIS, Capacity, ECM Data/LiPO_3/EIS_Charge_discharge/EIS_180/2_EIS.csv",0.76861495972139,3.071844300568704,0.8693262320206628,0.8,1.9747620864026366e-07,0.0838661686064041,0.03798628519582171,0.7391766198273261,0.545240049152894,0.0058537819068431455
LiPO_3,180,"./LiPo Battery LP-503562-IS-3 EIS, Capacity, ECM Data/LiPO_3/EIS_Charge_discharge/EIS_180/1_EIS.csv",0.884147016918134,3.071844300568704,0.8693262320206628,0.9,1.9986548521989733e-07,0.08369218338787211,0.036296299382209976,0.6964276685215425,0.5513650000251223,0.006381488321171569
LiPO_3,180,"./LiPo Battery LP-503562-IS-3 EIS, Capacity, ECM Data/LiPO_3/EIS_Charge_discharge/EIS_180/0_EIS.csv",1.0,3.071844300568704,0.8693262320206628,1.0,2.0021406121606236e-07,0.08360049605623462,0.036674188968254105,0.6602827616410489,0.5509414825572355,0.006322440606234492
LiPO_3,225,"./LiPo Battery LP-503562-IS-3 EIS, Capacity, ECM Data/LiPO_3/EIS_Charge_discharge/EIS_225/8_EIS.csv",0.0386418696561104,2.9490568552689305,0.8345776130421118,0.0,1.7216067198019338e-07,0.0859657708058692,0.11562298557734833,3.8881053070324385,0.35782892855204,3.256228770598632e-25
LiPO_3,225,"./LiPo Battery LP-503562-IS-3 EIS, Capacity, ECM Data/LiPO_3/EIS_Charge_discharge/EIS_225/7_EIS.csv",0.158895197223998,2.9490568552689305,0.8345776130421118,0.2,1.9285802877304035e-07,0.08423627740312774,0.0866018323555913,3.194632707103763,0.3670766389337354,1.7206302137588142e-23
LiPO_3,225,"./LiPo Battery LP-503562-IS-3 EIS, Capacity, ECM Data/LiPO_3/EIS_Charge_discharge/EIS_225/6_EIS.csv",0.279148098589168,2.9490568552689305,0.8345776130421118,0.3,2.1032524868519306e-07,0.08290552694440592,0.06852256876064634,2.4860207299454125,0.3816666958762436,0.0014758038986480333
LiPO_3,225,"./LiPo Battery LP-503562-IS-3 EIS, Capacity, ECM Data/LiPO_3/EIS_Charge_discharge/EIS_225/5_EIS.csv",0.399401112863183,2.9490568552689305,0.8345776130421118,0.4,2.0386275610582268e-07,0.08437160718440548,0.0499319475229216,1.341634958705927,0.46491854733715365,0.003222664005543307
LiPO_3,225,"./LiPo Battery LP-503562-IS-3 EIS, Capacity, ECM Data/LiPO_3/EIS_Charge_discharge/EIS_225/4_EIS.csv",0.519320973815913,2.9490568552689305,0.8345776130421118,0.5,1.98279504097351e-07,0.08497485807280232,0.0454547492473556,1.0280486448161517,0.49981911085673897,0.0035256835322219314
LiPO_3,225,"./LiPo Battery LP-503562-IS-3 EIS, Capacity, ECM Data/LiPO_3/EIS_Charge_discharge/EIS_225/3_EIS.csv",0.639241328894748,2.9490568552689305,0.8345776130421118,0.6,1.9725256602415313e-07,0.08530405996039611,0.04201535903036322,0.8360417857856494,0.5257513408726695,0.005219874667600172
LiPO_3,225,"./LiPo Battery LP-503562-IS-3 EIS, Capacity, ECM Data/LiPO_3/EIS_Charge_discharge/EIS_225/2_EIS.csv",0.75949430320739,2.9490568552689305,0.8345776130421118,0.8,1.979784464620495e-07,0.08519545006101414,0.04063322212936936,0.7616198499582444,0.5345015698667863,0.006266094408842303
LiPO_3,225,"./LiPo Battery LP-503562-IS-3 EIS, Capacity, ECM Data/LiPO_3/EIS_Charge_discharge/EIS_225/1_EIS.csv",0.879747223626445,2.9490568552689305,0.8345776130421118,0.9,2.0257222538757868e-07,0.08490281255975547,0.03893978320356416,0.7295767535751169,0.5381228038453041,0.006894413201268422
LiPO_3,225,"./LiPo Battery LP-503562-IS-3 EIS, Capacity, ECM Data/LiPO_3/EIS_Charge_discharge/EIS_225/0_EIS.csv",1.0,2.9490568552689305,0.8345776130421118,1.0,2.0113715104210895e-07,0.08474304886925267,0.03893858465253954,0.6938010052751282,0.539223305313175,0.007015019642367958
LiPO_3,270,"./LiPo Battery LP-503562-IS-3 EIS, Capacity, ECM Data/LiPO_3/EIS_Charge_discharge/EIS_270/8_EIS.csv",-0.0115674435206452,2.788707611986242,0.7891990749943022,-0.0,1.7140576373719517e-07,0.08770912685293195,0.18051840882501188,4.567376871025021,0.3283733856624205,1.50760625181375e-23
LiPO_3,270,"./LiPo Battery LP-503562-IS-3 EIS, Capacity, ECM Data/LiPO_3/EIS_Charge_discharge/EIS_270/7_EIS.csv",0.11465958324005,2.788707611986242,0.7891990749943022,0.1,1.9217864488421022e-07,0.0857990824446466,0.10260958098398176,3.319004887470574,0.35427701111858223,1.0923048527967438e-19
LiPO_3,270,"./LiPo Battery LP-503562-IS-3 EIS, Capacity, ECM Data/LiPO_3/EIS_Charge_discharge/EIS_270/6_EIS.csv",0.24123654710009,2.788707611986242,0.7891990749943022,0.2,2.1759774495257753e-07,0.08364211278872373,0.08354276374761548,2.797362942789639,0.3553116839461307,0.00038125096217039525
LiPO_3,270,"./LiPo Battery LP-503562-IS-3 EIS, Capacity, ECM Data/LiPO_3/EIS_Charge_discharge/EIS_270/5_EIS.csv",0.367814028812462,2.788707611986242,0.7891990749943022,0.4,2.0865474704041228e-07,0.08534368366157044,0.0569822139635236,1.4916284922282972,0.44092320680842395,0.003928937525772617
LiPO_3,270,"./LiPo Battery LP-503562-IS-3 EIS, Capacity, ECM Data/LiPO_3/EIS_Charge_discharge/EIS_270/4_EIS.csv",0.494391252005544,2.788707611986242,0.7891990749943022,0.5,2.018546855402528e-07,0.08625793509347468,0.0497089358486146,1.0570924223456633,0.4885547341860369,0.004201587226063706
LiPO_3,270,"./LiPo Battery LP-503562-IS-3 EIS, Capacity, ECM Data/LiPO_3/EIS_Charge_discharge/EIS_270/3_EIS.csv",0.620618229727873,2.788707611986242,0.7891990749943022,0.6,1.9820416686756168e-07,0.08666249574787836,0.04550667657498998,0.8411381540545568,0.5186637426872563,0.0057212835597883855
LiPO_3,270,"./LiPo Battery LP-503562-IS-3 EIS, Capacity, ECM Data/LiPO_3/EIS_Charge_discharge/EIS_270/2_EIS.csv",0.746845224460149,2.788707611986242,0.7891990749943022,0.7,1.9890717417632933e-07,0.0865748634160941,0.043473769215961154,0.749220975036086,0.5313310342698964,0.006886562890784594
LiPO_3,270,"./LiPo Battery LP-503562-IS-3 EIS, Capacity, ECM Data/LiPO_3/EIS_Charge_discharge/EIS_270/1_EIS.csv",0.873422397618754,2.788707611986242,0.7891990749943022,0.9,2.0388773238303665e-07,0.08619743574661275,0.041772724433133596,0.7322645664102466,0.5331880024927286,0.007657036863943634
LiPO_3,270,"./LiPo Battery LP-503562-IS-3 EIS, Capacity, ECM Data/LiPO_3/EIS_Charge_discharge/EIS_270/0_EIS.csv",1.0,2.788707611986242,0.7891990749943022,1.0,2.0353919502420775e-07,0.08582461091562624,0.04144095671442051,0.6991591302766696,0.5345385987212439,0.0077750489596680045
LiPO_3,315,"./LiPo Battery LP-503562-IS-3 EIS, Capacity, ECM Data/LiPO_3/EIS_Charge_discharge/EIS_315/7_EIS.csv",0.0868646676177887,2.6970018415724684,0.7632465122834907,0.1,1.853212083684045e-07,0.08717299493983945,0.11630015874746769,3.540836922269771,0.35347345693154714,8.5871362765421e-26
LiPO_3,315,"./LiPo Battery LP-503562-IS-3 EIS, Capacity, ECM Data/LiPO_3/EIS_Charge_discharge/EIS_315/6_EIS.csv",0.217157262413332,2.6970018415724684,0.7632465122834907,0.2,2.1400267530177542e-07,0.08462126163560277,0.0927824973721005,3.0742709792343814,0.3485867981977804,2.776224930881099e-22
LiPO_3,315,"./LiPo Battery LP-503562-IS-3 EIS, Capacity, ECM Data/LiPO_3/EIS_Charge_discharge/EIS_315/5_EIS.csv",0.347450149887026,2.6970018415724684,0.7632465122834907,0.3,2.1127595101176238e-07,0.08574030060707317,0.06259224103223483,1.759705091233556,0.42093232116327156,0.004034425190082213
LiPO_3,315,"./LiPo Battery LP-503562-IS-3 EIS, Capacity, ECM Data/LiPO_3/EIS_Charge_discharge/EIS_315/4_EIS.csv",0.478104627536569,2.6970018415724684,0.7632465122834907,0.5,2.047672514342739e-07,0.0867553065326528,0.05240926877310026,1.1710569999462332,0.47666347273196946,0.004526380581866584
LiPO_3,315,"./LiPo Battery LP-503562-IS-3 EIS, Capacity, ECM Data/LiPO_3/EIS_Charge_discharge/EIS_315/3_EIS.csv",0.608759071365705,2.6970018415724684,0.7632465122834907,0.6,1.998971068127171e-07,0.08726029862159584,0.047356531134637496,0.9060717922614085,0.5111796865880078,0.005963153809854648
LiPO_3,315,"./LiPo Battery LP-503562-IS-3 EIS, Capacity, ECM Data/LiPO_3/EIS_Charge_discharge/EIS_315/2_EIS.csv",0.739052077552786,2.6970018415724684,0.7632465122834907,0.7,1.9821741826383161e-07,0.08732702915269513,0.04460436963840341,0.7888894985085599,0.5290768919389882,0.007190514901935011
LiPO_3,315,"./LiPo Battery LP-503562-IS-3 EIS, Capacity, ECM Data/LiPO_3/EIS_Charge_discharge/EIS_315/1_EIS.csv",0.869345415285566,2.6970018415724684,0.7632465122834907,0.9,2.038129069702018e-07,0.08684022432164995,0.04302016085696319,0.7843957271591864,0.5286409647904342,0.008126411160984306
LiPO_3,315,"./LiPo Battery LP-503562-IS-3 EIS, Capacity, ECM Data/LiPO_3/EIS_Charge_discharge/EIS_315/0_EIS.csv",1.0,2.6970018415724684,0.7632465122834907,1.0,2.054775221065808e-07,0.08635581315266679,0.04246869774256402,0.7577543248572299,0.5283738994669086,0.007966509045680316
LiPO_3,360,"./LiPo Battery LP-503562-IS-3 EIS, Capacity, ECM Data/LiPO_3/EIS_Charge_discharge/EIS_360/7_EIS.csv",0.0543492219718861,2.5988904632058207,0.7354811744185341,0.1,1.7863796441374824e-07,0.08853977835928366,0.13611698485011647,3.7937399568536727,0.3508469532971842,1.5726039427537924e-22
LiPO_3,360,"./LiPo Battery LP-503562-IS-3 EIS, Capacity, ECM Data/LiPO_3/EIS_Charge_discharge/EIS_360/6_EIS.csv",0.189281651406442,2.5988904632058207,0.7354811744185341,0.2,2.0780341396787812e-07,0.08590078660277456,0.10259625127302063,3.3078742457992325,0.346291966264644,4.334219614624727e-21
LiPO_3,360,"./LiPo Battery LP-503562-IS-3 EIS, Capacity, ECM Data/LiPO_3/EIS_Charge_discharge/EIS_360/5_EIS.csv",0.324588843343522,2.5988904632058207,0.7354811744185341,0.3,2.1412918763227017e-07,0.08611414238514227,0.06953415133968585,2.072191506417595,0.40027415299708674,0.003908793337711805
LiPO_3,360,"./LiPo Battery LP-503562-IS-3 EIS, Capacity, ECM Data/LiPO_3/EIS_Charge_discharge/EIS_360/4_EIS.csv",0.459895593620777,2.5988904632058207,0.7354811744185341,0.5,2.0680215083493418e-07,0.08728669533364936,0.05545100553875034,1.3009398192441688,0.4640846474714133,0.00484251301812282
LiPO_3,360,"./LiPo Battery LP-503562-IS-3 EIS, Capacity, ECM Data/LiPO_3/EIS_Charge_discharge/EIS_360/3_EIS.csv",0.595202401179962,2.5988904632058207,0.7354811744185341,0.6,2.0085369654477802e-07,0.08791210970686224,0.04935574763881384,0.9807725778861277,0.50310349867835,0.006157430124940827
LiPO_3,360,"./LiPo Battery LP-503562-IS-3 EIS, Capacity, ECM Data/LiPO_3/EIS_Charge_discharge/EIS_360/2_EIS.csv",0.730134820511865,2.5988904632058207,0.7354811744185341,0.7,1.9979718096837647e-07,0.08798056001387301,0.04589553925092015,0.8358880543789283,0.5237672907687927,0.007468862373047915
LiPO_3,360,"./LiPo Battery LP-503562-IS-3 EIS, Capacity, ECM Data/LiPO_3/EIS_Charge_discharge/EIS_360/1_EIS.csv",0.865067298746669,2.5988904632058207,0.7354811744185341,0.9,2.0382114033835553e-07,0.0875243981914727,0.044227281683397394,0.8315551999676578,0.5240149471071861,0.008486479951089103
LiPO_3,360,"./LiPo Battery LP-503562-IS-3 EIS, Capacity, ECM Data/LiPO_3/EIS_Charge_discharge/EIS_360/0_EIS.csv",1.0,2.5988904632058207,0.7354811744185341,1.0,2.0608259612801667e-07,0.08696245920725913,0.04351953994241692,0.8135452104008153,0.5227679346345184,0.008217887103228008
LiPO_3,405,"./LiPo Battery LP-503562-IS-3 EIS, Capacity, ECM Data/LiPO_3/EIS_Charge_discharge/EIS_405/7_EIS.csv",0.0182854387380393,2.4983582868972487,0.7070307552319276,0.0,1.7685992251250858e-07,0.08993359020681035,0.17413410831361995,4.134144529841941,0.343597725489153,7.748169737963789e-21
LiPO_3,405,"./LiPo Battery LP-503562-IS-3 EIS, Capacity, ECM Data/LiPO_3/EIS_Charge_discharge/EIS_405/6_EIS.csv",0.158696886003547,2.4983582868972487,0.7070307552319276,0.2,2.0341826635302797e-07,0.08717442066927111,0.11481861943506583,3.4968932428326833,0.3443776061651812,5.474317937981077e-24
LiPO_3,405,"./LiPo Battery LP-503562-IS-3 EIS, Capacity, ECM Data/LiPO_3/EIS_Charge_discharge/EIS_405/5_EIS.csv",0.298719978848496,2.4983582868972487,0.7070307552319276,0.3,2.1667544829181242e-07,0.08656720067422491,0.0785445618132,2.402775353162198,0.3810798136690721,0.003364599121614395
LiPO_3,405,"./LiPo Battery LP-503562-IS-3 EIS, Capacity, ECM Data/LiPO_3/EIS_Charge_discharge/EIS_405/4_EIS.csv",0.438742936657789,2.4983582868972487,0.7070307552319276,0.4,2.0912829685186522e-07,0.08791192570238147,0.05910026479737663,1.43780265104524,0.45171703625710175,0.005154304610555727
LiPO_3,405,"./LiPo Battery LP-503562-IS-3 EIS, Capacity, ECM Data/LiPO_3/EIS_Charge_discharge/EIS_405/3_EIS.csv",0.57915434277654,2.4983582868972487,0.7070307552319276,0.6,2.0409985898646065e-07,0.08855459692894466,0.05197538494579368,1.0658827951150944,0.4925532634048175,0.006301607103137461
LiPO_3,405,"./LiPo Battery LP-503562-IS-3 EIS, Capacity, ECM Data/LiPO_3/EIS_Charge_discharge/EIS_405/2_EIS.csv",0.719565841083978,2.4983582868972487,0.7070307552319276,0.7,2.013107450548776e-07,0.08875552668064542,0.04747328055220819,0.8689270931337455,0.5202310640816286,0.007712735919121948
LiPO_3,405,"./LiPo Battery LP-503562-IS-3 EIS, Capacity, ECM Data/LiPO_3/EIS_Charge_discharge/EIS_405/1_EIS.csv",0.859977076514402,2.4983582868972487,0.7070307552319276,0.9,2.0456293610369193e-07,0.08824811647946114,0.045702724980126654,0.8639902306897432,0.5202845790850426,0.008941746575767356
LiPO_3,405,"./LiPo Battery LP-503562-IS-3 EIS, Capacity, ECM Data/LiPO_3/EIS_Charge_discharge/EIS_405/0_EIS.csv",1.0,2.4983582868972487,0.7070307552319276,1.0,2.0824556939865076e-07,0.08761495611606708,0.044927025998120075,0.8607617312487214,0.5173171215774263,0.008419156389095735
LiPO_3,450,"./LiPo Battery LP-503562-IS-3 EIS, Capacity, ECM Data/LiPO_3/EIS_Charge_discharge/EIS_450/6_EIS.csv",0.121804821538112,2.3882507341538783,0.6758705222976966,0.1,2.0496273761364843e-07,0.08840327715981346,0.1284586188345249,3.706304101208472,0.33700606888954376,1.5071222400808943e-23
LiPO_3,450,"./LiPo Battery LP-503562-IS-3 EIS, Capacity, ECM Data/LiPO_3/EIS_Charge_discharge/EIS_450/5_EIS.csv",0.267967912046015,2.3882507341538783,0.6758705222976966,0.3,2.2008818076151303e-07,0.08754612849547096,0.08576281966718032,2.6334654937523077,0.36868702730954794,0.0029653384148957108
LiPO_3,450,"./LiPo Battery LP-503562-IS-3 EIS, Capacity, ECM Data/LiPO_3/EIS_Charge_discharge/EIS_450/4_EIS.csv",0.414536358090821,2.3882507341538783,0.6758705222976966,0.4,2.1174202504515205e-07,0.08899070426954811,0.061728529350479094,1.5327327776956832,0.44328742721944075,0.005756567529879552
LiPO_3,450,"./LiPo Battery LP-503562-IS-3 EIS, Capacity, ECM Data/LiPO_3/EIS_Charge_discharge/EIS_450/3_EIS.csv",0.561105041076288,2.3882507341538783,0.6758705222976966,0.6,2.0555510828694425e-07,0.08970422922671359,0.05355220712027833,1.1050015166011278,0.4883279691593898,0.006598188833079024
LiPO_3,450,"./LiPo Battery LP-503562-IS-3 EIS, Capacity, ECM Data/LiPO_3/EIS_Charge_discharge/EIS_450/2_EIS.csv",0.70767396197917,2.3882507341538783,0.6758705222976966,0.7,2.0215919409095794e-07,0.09000733814795107,0.04825918938738858,0.8748461238568913,0.5209182496085545,0.00812296430169075
LiPO_3,450,"./LiPo Battery LP-503562-IS-3 EIS, Capacity, ECM Data/LiPO_3/EIS_Charge_discharge/EIS_450/1_EIS.csv",0.853837165510957,2.3882507341538783,0.6758705222976966,0.9,2.048299055858724e-07,0.08948891340597286,0.046260704356629996,0.862686456186394,0.522450006627593,0.009405129815653572
LiPO_3,450,"./LiPo Battery LP-503562-IS-3 EIS, Capacity, ECM Data/LiPO_3/EIS_Charge_discharge/EIS_450/0_EIS.csv",1.0,2.3882507341538783,0.6758705222976966,1.0,2.1013938216181747e-07,0.08862829260643615,0.04559986490214494,0.8843479128450336,0.515647998095731,0.008531750739342295
LiPO_4,0,"./LiPo Battery LP-503562-IS-3 EIS, Capacity, ECM Data/LiPO_4/EIS_Charge_discharge/EIS_0/10_EIS.csv",0.0838357011573535,3.7288359778881577,1.0,0.1,2.677181257372591e-07,0.07411484748641729,0.08374618389655142,2.4962133503168937,0.3921042936036158,1.109957492468467e-10
LiPO_4,0,"./LiPo Battery LP-503562-IS-3 EIS, Capacity, ECM Data/LiPO_4/EIS_Charge_discharge/EIS_0/9_EIS.csv",0.179937181487408,3.7288359778881577,1.0,0.2,2.518577883722437e-07,0.07531466485280287,0.06255243459658416,1.5704402181643284,0.4620161610591537,0.0001838492488363821
LiPO_4,0,"./LiPo Battery LP-503562-IS-3 EIS, Capacity, ECM Data/LiPO_4/EIS_Charge_discharge/EIS_0/8_EIS.csv",0.276038332167416,3.7288359778881577,1.0,0.3,2.420213835826536e-07,0.07578654451271209,0.05467573138258232,1.220585246250116,0.5000996370223403,0.0014250480558315713
LiPO_4,0,"./LiPo Battery LP-503562-IS-3 EIS, Capacity, ECM Data/LiPO_4/EIS_Charge_discharge/EIS_0/7_EIS.csv",0.372406397631848,3.7288359778881577,1.0,0.4,2.3112272011676856e-07,0.07633604141773631,0.046298177373778594,0.8597692618834544,0.5514990124000935,0.00226881799094642
LiPO_4,0,"./LiPo Battery LP-503562-IS-3 EIS, Capacity, ECM Data/LiPO_4/EIS_Charge_discharge/EIS_0/6_EIS.csv",0.46877446939911,3.7288359778881577,1.0,0.5,2.2811287291858376e-07,0.07641744550457374,0.04373622817159732,0.7226962877064432,0.5738803750864906,0.0019233222621038676
LiPO_4,0,"./LiPo Battery LP-503562-IS-3 EIS, Capacity, ECM Data/LiPO_4/EIS_Charge_discharge/EIS_0/5_EIS.csv",0.565142648919242,3.7288359778881577,1.0,0.6,2.2623873076407273e-07,0.07643883172164062,0.042774719358603816,0.6523439582839501,0.5863939494616186,0.0019372715854977713
LiPO_4,0,"./LiPo Battery LP-503562-IS-3 EIS, Capacity, ECM Data/LiPO_4/EIS_Charge_discharge/EIS_0/4_EIS.csv",0.661244010797102,3.7288359778881577,1.0,0.7,2.2324638429136544e-07,0.07646171915951473,0.04047201730019789,0.5818511552850479,0.6012741410027729,0.002389235322947574
LiPO_4,0,"./LiPo Battery LP-503562-IS-3 EIS, Capacity, ECM Data/LiPO_4/EIS_Charge_discharge/EIS_0/2_EIS.csv",0.807264403477971,3.7288359778881577,1.0,0.8,2.2317116757711518e-07,0.07608493623931052,0.038072721218144506,0.5173818652060843,0.6147112814189553,0.003654360280414445
LiPO_4,0,"./LiPo Battery LP-503562-IS-3 EIS, Capacity, ECM Data/LiPO_4/EIS_Charge_discharge/EIS_0/3_EIS.csv",0.757345400902519,3.7288359778881577,1.0,0.8,2.230223004594402e-07,0.07629845337898085,0.03866557857321297,0.5401912653493898,0.610267801682031,0.0033738501387059225
LiPO_4,0,"./LiPo Battery LP-503562-IS-3 EIS, Capacity, ECM Data/LiPO_4/EIS_Charge_discharge/EIS_0/1_EIS.csv",0.903632145411039,3.7288359778881577,1.0,0.9,2.2463377338041607e-07,0.07587770323325012,0.03617491822356875,0.501946911004455,0.6167687397368671,0.0040608303606326085
LiPO_4,0,"./LiPo Battery LP-503562-IS-3 EIS, Capacity, ECM Data/LiPO_4/EIS_Charge_discharge/EIS_0/0_EIS.csv",1.0,3.7288359778881577,1.0,1.0,2.2703714660068138e-07,0.07549248852354845,0.0369831144110001,0.5211328945314593,0.6083205169103765,0.003477565837106968
LiPO_4,45,"./LiPo Battery LP-503562-IS-3 EIS, Capacity, ECM Data/LiPO_4/EIS_Charge_discharge/EIS_45/10_EIS.csv",0.0822914435334615,3.663238014875369,0.982407924778193,0.1,2.5818366453350254e-07,0.07615729909394522,0.08224539541153325,3.5958577703767567,0.3590577131385062,0.0010663583995562972
LiPO_4,45,"./LiPo Battery LP-503562-IS-3 EIS, Capacity, ECM Data/LiPO_4/EIS_Charge_discharge/EIS_45/9_EIS.csv",0.180383926816863,3.663238014875369,0.982407924778193,0.2,2.49785512611193e-07,0.07666768743818496,0.05575608626032033,2.1782606074712407,0.4306277846374645,0.00018590562577997224
LiPO_4,45,"./LiPo Battery LP-503562-IS-3 EIS, Capacity, ECM Data/LiPO_4/EIS_Charge_discharge/EIS_45/8_EIS.csv",0.2784767673045,3.663238014875369,0.982407924778193,0.3,2.406616838277742e-07,0.07719022304482633,0.047049831185508935,1.6225024484492887,0.4744600338669077,0.0014769859419055612
LiPO_4,45,"./LiPo Battery LP-503562-IS-3 EIS, Capacity, ECM Data/LiPO_4/EIS_Charge_discharge/EIS_45/7_EIS.csv",0.376569210435454,3.663238014875369,0.982407924778193,0.4,2.3132823659001697e-07,0.0777838895806272,0.038408727883408364,1.039867124183575,0.5364526959121074,0.002512060840153347
LiPO_4,45,"./LiPo Battery LP-503562-IS-3 EIS, Capacity, ECM Data/LiPO_4/EIS_Charge_discharge/EIS_45/6_EIS.csv",0.474934287267343,3.663238014875369,0.982407924778193,0.5,2.2845376482104672e-07,0.07793474680712692,0.03565192435825781,0.8350964400544967,0.564306271158695,0.002058476572553165
LiPO_4,45,"./LiPo Battery LP-503562-IS-3 EIS, Capacity, ECM Data/LiPO_4/EIS_Charge_discharge/EIS_45/5_EIS.csv",0.573298694775092,3.663238014875369,0.982407924778193,0.6,2.266307810678726e-07,0.07798199873114783,0.03471431798516206,0.7362528588596299,0.578813901773279,0.002045437642335642
LiPO_4,45,"./LiPo Battery LP-503562-IS-3 EIS, Capacity, ECM Data/LiPO_4/EIS_Charge_discharge/EIS_45/4_EIS.csv",0.671391200287004,3.663238014875369,0.982407924778193,0.7,2.255322406064952e-07,0.07803730033370493,0.03268325198082753,0.6408544913217891,0.595123740595657,0.002627527094952431
LiPO_4,45,"./LiPo Battery LP-503562-IS-3 EIS, Capacity, ECM Data/LiPO_4/EIS_Charge_discharge/EIS_45/2_EIS.csv",0.803543194357734,3.663238014875369,0.982407924778193,0.8,2.266977367516752e-07,0.07764988771539429,0.031128880921408877,0.5769685864709925,0.6035913035050966,0.004301043911015315
LiPO_4,45,"./LiPo Battery LP-503562-IS-3 EIS, Capacity, ECM Data/LiPO_4/EIS_Charge_discharge/EIS_45/3_EIS.csv",0.769483585921293,3.663238014875369,0.982407924778193,0.8,2.2521599337290477e-07,0.07790335750606425,0.031368247892748086,0.6014292664109948,0.6017084214298395,0.004032494442946428
LiPO_4,45,"./LiPo Battery LP-503562-IS-3 EIS, Capacity, ECM Data/LiPO_4/EIS_Charge_discharge/EIS_45/1_EIS.csv",0.901907747784966,3.663238014875369,0.982407924778193,0.9,2.2706709879532234e-07,0.0775462733587771,0.02936041129726714,0.5357755906955008,0.6130013029402661,0.004773477238402126
LiPO_4,45,"./LiPo Battery LP-503562-IS-3 EIS, Capacity, ECM Data/LiPO_4/EIS_Charge_discharge/EIS_45/0_EIS.csv",1.0,3.663238014875369,0.982407924778193,1.0,2.28853631373332e-07,0.07730007015958669,0.03030653424452856,0.5313806933270809,0.6060730796560704,0.004099348056505438
LiPO_4,90,"./LiPo Battery LP-503562-IS-3 EIS, Capacity, ECM Data/LiPO_4/EIS_Charge_discharge/EIS_90/10_EIS.csv",0.0782116888486731,3.5796738075456456,0.95999765845775,0.1,2.567443817351405e-07,0.07695478767522644,0.12296584874863536,5.244496288756575,0.3016985444075538,4.047897133868668e-09
LiPO_4,90,"./LiPo Battery LP-503562-IS-3 EIS, Capacity, ECM Data/LiPO_4/EIS_Charge_discharge/EIS_90/9_EIS.csv",0.17840627596371,3.5796738075456456,0.95999765845775,0.2,2.4454438278142665e-07,0.0778886624213788,0.06129683528243141,2.695850580729314,0.39775663674849854,4.15189471972401e-11
LiPO_4,90,"./LiPo Battery LP-503562-IS-3 EIS, Capacity, ECM Data/LiPO_4/EIS_Charge_discharge/EIS_90/8_EIS.csv",0.278878761330854,3.5796738075456456,0.95999765845775,0.3,2.4003527569815953e-07,0.07825592269422231,0.05033094840729672,2.007057510352998,0.43934010185212996,0.0010851252310111043
LiPO_4,90,"./LiPo Battery LP-503562-IS-3 EIS, Capacity, ECM Data/LiPO_4/EIS_Charge_discharge/EIS_90/7_EIS.csv",0.379351117300866,3.5796738075456456,0.95999765845775,0.4,2.305982693931634e-07,0.07898216554667288,0.0406676253289194,1.2981556779184398,0.5008957778567392,0.002549650877942771
LiPO_4,90,"./LiPo Battery LP-503562-IS-3 EIS, Capacity, ECM Data/LiPO_4/EIS_Charge_discharge/EIS_90/6_EIS.csv",0.479545705285093,3.5796738075456456,0.95999765845775,0.5,2.2606778051315776e-07,0.07936215202606452,0.03573701924040421,0.9085567184434756,0.5475235861337863,0.002269510767809056
LiPO_4,90,"./LiPo Battery LP-503562-IS-3 EIS, Capacity, ECM Data/LiPO_4/EIS_Charge_discharge/EIS_90/5_EIS.csv",0.579740072415483,3.5796738075456456,0.95999765845775,0.6,2.245500416401592e-07,0.07945938482243707,0.034724297514222645,0.7968325810198533,0.562668516937445,0.0022198378010676095
LiPO_4,90,"./LiPo Battery LP-503562-IS-3 EIS, Capacity, ECM Data/LiPO_4/EIS_Charge_discharge/EIS_90/4_EIS.csv",0.679934669687801,3.5796738075456456,0.95999765845775,0.7,2.2270000131171194e-07,0.07955151414546498,0.03261348335823613,0.6756054582014294,0.5816168053403501,0.0028305386727110107
LiPO_4,90,"./LiPo Battery LP-503562-IS-3 EIS, Capacity, ECM Data/LiPO_4/EIS_Charge_discharge/EIS_90/2_EIS.csv",0.79933297059931,3.5796738075456456,0.95999765845775,0.8,2.2516019899051285e-07,0.07916188342120853,0.031100486244921535,0.6075048859072669,0.5891174750367923,0.004779656837719021
LiPO_4,90,"./LiPo Battery LP-503562-IS-3 EIS, Capacity, ECM Data/LiPO_4/EIS_Charge_discharge/EIS_90/3_EIS.csv",0.78040742034731,3.5796738075456456,0.95999765845775,0.8,2.2330564149111491e-07,0.07944216876245559,0.031373740326423136,0.6320562579173604,0.5879203946071316,0.004382849839705551
LiPO_4,90,"./LiPo Battery LP-503562-IS-3 EIS, Capacity, ECM Data/LiPO_4/EIS_Charge_discharge/EIS_90/1_EIS.csv",0.899527416536422,3.5796738075456456,0.95999765845775,0.9,2.2596999301085322e-07,0.0790321463148542,0.02937662085614979,0.5610303256580457,0.599155406077922,0.005220432051863425
LiPO_4,90,"./LiPo Battery LP-503562-IS-3 EIS, Capacity, ECM Data/LiPO_4/EIS_Charge_discharge/EIS_90/0_EIS.csv",1.0,3.5796738075456456,0.95999765845775,1.0,2.2756019311259563e-07,0.078788202786815,0.030273488359239,0.5498847566370729,0.5930370652405832,0.004586486351561089
LiPO_4,135,"./LiPo Battery LP-503562-IS-3 EIS, Capacity, ECM Data/LiPO_4/EIS_Charge_discharge/EIS_135/9_EIS.csv",0.0768150079231343,3.498220104114434,0.9381533875071828,0.1,2.4097798059205264e-07,0.07931947990884601,0.06536018387941053,3.273713750606886,0.36868127545934637,5.386580541844653e-10
LiPO_4,135,"./LiPo Battery LP-503562-IS-3 EIS, Capacity, ECM Data/LiPO_4/EIS_Charge_discharge/EIS_135/8_EIS.csv",0.179517545127358,3.498220104114434,0.9381533875071828,0.2,2.3647536149906397e-07,0.07975656109737739,0.05099578993361574,2.3441164246009807,0.4153475514953246,0.001010746091626098
LiPO_4,135,"./LiPo Battery LP-503562-IS-3 EIS, Capacity, ECM Data/LiPO_4/EIS_Charge_discharge/EIS_135/7_EIS.csv",0.282220170611118,3.498220104114434,0.9381533875071828,0.3,2.305692694364569e-07,0.08030916459948692,0.04153364444283402,1.5910791811071627,0.46866175309311586,0.0025650522434360256
LiPO_4,135,"./LiPo Battery LP-503562-IS-3 EIS, Capacity, ECM Data/LiPO_4/EIS_Charge_discharge/EIS_135/6_EIS.csv",0.384638479876538,3.498220104114434,0.9381533875071828,0.4,2.2418448767521315e-07,0.08092855087675775,0.034630708785344605,0.9903519542373864,0.5312930127656503,0.002605485044207482
LiPO_4,135,"./LiPo Battery LP-503562-IS-3 EIS, Capacity, ECM Data/LiPO_4/EIS_Charge_discharge/EIS_135/5_EIS.csv",0.487056862947761,3.498220104114434,0.9381533875071828,0.5,2.2190617120967553e-07,0.08105595531012788,0.03336761225823994,0.8491618050936949,0.5495296608103477,0.002557369089285878
LiPO_4,135,"./LiPo Battery LP-503562-IS-3 EIS, Capacity, ECM Data/LiPO_4/EIS_Charge_discharge/EIS_135/4_EIS.csv",0.589759151873354,3.498220104114434,0.9381533875071828,0.6,2.2105472836259822e-07,0.0812222895816414,0.031237841120671652,0.7044119547812905,0.5719245918727894,0.003206512027211431
LiPO_4,135,"./LiPo Battery LP-503562-IS-3 EIS, Capacity, ECM Data/LiPO_4/EIS_Charge_discharge/EIS_135/3_EIS.csv",0.692461330639997,3.498220104114434,0.9381533875071828,0.7,2.683421805203392e-07,3.8455585884362206e-07,0.47322410062051057,6.256985935054667,0.04196929520703904,3.775178874739708e-38
LiPO_4,135,"./LiPo Battery LP-503562-IS-3 EIS, Capacity, ECM Data/LiPO_4/EIS_Charge_discharge/EIS_135/2_EIS.csv",0.795163708912695,3.498220104114434,0.9381533875071828,0.8,2.2331933528331292e-07,0.08081318795336541,0.029808160153342134,0.637522783527756,0.5779603168207473,0.005180897794690306
LiPO_4,135,"./LiPo Battery LP-503562-IS-3 EIS, Capacity, ECM Data/LiPO_4/EIS_Charge_discharge/EIS_135/1_EIS.csv",0.897581919749637,3.498220104114434,0.9381533875071828,0.9,2.2410950321808873e-07,0.08065202111952455,0.028268078658568892,0.5916318138290727,0.5873265165024811,0.00558583137570263
LiPO_4,135,"./LiPo Battery LP-503562-IS-3 EIS, Capacity, ECM Data/LiPO_4/EIS_Charge_discharge/EIS_135/0_EIS.csv",1.0,3.498220104114434,0.9381533875071828,1.0,2.2574607884455088e-07,0.08046319001240562,0.028875728116016984,0.5662405301056833,0.5847901782773886,0.005132676563876029
LiPO_4,180,"./LiPo Battery LP-503562-IS-3 EIS, Capacity, ECM Data/LiPO_4/EIS_Charge_discharge/EIS_180/9_EIS.csv",0.037104517094097,3.3393835474982603,0.8955565670629295,0.0,2.3712684108773738e-07,0.08045235360162907,0.0923502374163588,4.259264492389597,0.3205638551445754,2.8939028932456043e-20
LiPO_4,180,"./LiPo Battery LP-503562-IS-3 EIS, Capacity, ECM Data/LiPO_4/EIS_Charge_discharge/EIS_180/8_EIS.csv",0.143961118392526,3.3393835474982603,0.8955565670629295,0.1,2.3739564870096612e-07,0.08096621724648767,0.06200810965106249,2.751689160373576,0.37714663779012736,0.0005061089508084295
LiPO_4,180,"./LiPo Battery LP-503562-IS-3 EIS, Capacity, ECM Data/LiPO_4/EIS_Charge_discharge/EIS_180/7_EIS.csv",0.250817626731279,3.3393835474982603,0.8955565670629295,0.3,2.3186293460726832e-07,0.0815733810315417,0.050149659710663715,1.9685337143750075,0.4241501089269825,0.0022159784670001616
LiPO_4,180,"./LiPo Battery LP-503562-IS-3 EIS, Capacity, ECM Data/LiPO_4/EIS_Charge_discharge/EIS_180/6_EIS.csv",0.3579706137782,3.3393835474982603,0.8955565670629295,0.4,2.235998432909997e-07,0.08256758758158743,0.03940204899726647,1.1355610952161632,0.4990644008142123,0.003208210778830031
LiPO_4,180,"./LiPo Battery LP-503562-IS-3 EIS, Capacity, ECM Data/LiPO_4/EIS_Charge_discharge/EIS_180/5_EIS.csv",0.465123832011716,3.3393835474982603,0.8955565670629295,0.5,2.211726225532262e-07,0.08287046684010571,0.036616575488631724,0.8924306360281212,0.5297057901765461,0.003053752235958116
LiPO_4,180,"./LiPo Battery LP-503562-IS-3 EIS, Capacity, ECM Data/LiPO_4/EIS_Charge_discharge/EIS_180/4_EIS.csv",0.572277176439592,3.3393835474982603,0.8955565670629295,0.6,2.1950500294252634e-07,0.08305384437387199,0.034354475923893554,0.7375000252741103,0.5526333128560788,0.003605473893573235
LiPO_4,180,"./LiPo Battery LP-503562-IS-3 EIS, Capacity, ECM Data/LiPO_4/EIS_Charge_discharge/EIS_180/3_EIS.csv",0.67913381323237,3.3393835474982603,0.8955565670629295,0.7,2.2075047276038326e-07,0.08291511864853517,0.03298611858027551,0.6798079758029214,0.5604318859748614,0.005123202262846098
LiPO_4,180,"./LiPo Battery LP-503562-IS-3 EIS, Capacity, ECM Data/LiPO_4/EIS_Charge_discharge/EIS_180/2_EIS.csv",0.785990306030993,3.3393835474982603,0.8955565670629295,0.8,2.22240191281232e-07,0.08264748657931999,0.0323932781215693,0.650276595437887,0.5626477351943295,0.005802036616028918
LiPO_4,180,"./LiPo Battery LP-503562-IS-3 EIS, Capacity, ECM Data/LiPO_4/EIS_Charge_discharge/EIS_180/1_EIS.csv",0.893143375167798,3.3393835474982603,0.8955565670629295,0.9,2.227221697051081e-07,0.08250286838160657,0.030673059141209474,0.6049621838422857,0.572303909067238,0.006252214676281107
LiPO_4,180,"./LiPo Battery LP-503562-IS-3 EIS, Capacity, ECM Data/LiPO_4/EIS_Charge_discharge/EIS_180/0_EIS.csv",1.0,3.3393835474982603,0.8955565670629295,1.0,2.2584638018104424e-07,0.08217327283384632,0.031190457685262695,0.5873182176096841,0.5681659616927343,0.005945834726461656
LiPO_4,225,"./LiPo Battery LP-503562-IS-3 EIS, Capacity, ECM Data/LiPO_4/EIS_Charge_discharge/EIS_225/8_EIS.csv",0.080358351803232,3.084524971038043,0.8272085415741394,0.1,2.4912783259023117e-07,0.08142523284495527,0.09008846805314814,3.306061499050983,0.324508892710953,9.633761419805039e-11
LiPO_4,225,"./LiPo Battery LP-503562-IS-3 EIS, Capacity, ECM Data/LiPO_4/EIS_Charge_discharge/EIS_225/7_EIS.csv",0.195472676296042,3.084524971038043,0.8272085415741394,0.2,2.4236658020242065e-07,0.08281357892635544,0.06496219402234117,2.1796511904039075,0.38474005882548423,0.002303068061069706
LiPO_4,225,"./LiPo Battery LP-503562-IS-3 EIS, Capacity, ECM Data/LiPO_4/EIS_Charge_discharge/EIS_225/6_EIS.csv",0.310268307461466,3.084524971038043,0.8272085415741394,0.3,2.3297951167086747e-07,0.08405556657221164,0.051464049113273125,1.4022147589363043,0.44827823430468255,0.004098844034746457
LiPO_4,225,"./LiPo Battery LP-503562-IS-3 EIS, Capacity, ECM Data/LiPO_4/EIS_Charge_discharge/EIS_225/5_EIS.csv",0.4250639382575,3.084524971038043,0.8272085415741394,0.4,2.2451352811743898e-07,0.08501109382775898,0.04325941782511573,0.8824125616441598,0.5114794207415607,0.00418471348022255
LiPO_4,225,"./LiPo Battery LP-503562-IS-3 EIS, Capacity, ECM Data/LiPO_4/EIS_Charge_discharge/EIS_225/4_EIS.csv",0.540178464090871,3.084524971038043,0.8272085415741394,0.5,2.2188550034297393e-07,0.08531832144491158,0.04055856386153659,0.7165231025095276,0.5384798630198343,0.004395973571443971
LiPO_4,225,"./LiPo Battery LP-503562-IS-3 EIS, Capacity, ECM Data/LiPO_4/EIS_Charge_discharge/EIS_225/3_EIS.csv",0.655293201031218,3.084524971038043,0.8272085415741394,0.7,2.2115025955016238e-07,0.08535773121315228,0.0382431616328568,0.6287726636127619,0.554620271956495,0.005953663608618902
LiPO_4,225,"./LiPo Battery LP-503562-IS-3 EIS, Capacity, ECM Data/LiPO_4/EIS_Charge_discharge/EIS_225/2_EIS.csv",0.770407851523969,3.084524971038043,0.8272085415741394,0.8,2.240471779750605e-07,0.08509426798729629,0.037264799713754286,0.5945245509971135,0.559261559555741,0.006821823271177154
LiPO_4,225,"./LiPo Battery LP-503562-IS-3 EIS, Capacity, ECM Data/LiPO_4/EIS_Charge_discharge/EIS_225/1_EIS.csv",0.885203896319209,3.084524971038043,0.8272085415741394,0.9,2.2516201802344918e-07,0.08480080384457957,0.03556260507897339,0.571810110350557,0.563642004532036,0.007447897507817648
LiPO_4,225,"./LiPo Battery LP-503562-IS-3 EIS, Capacity, ECM Data/LiPO_4/EIS_Charge_discharge/EIS_225/0_EIS.csv",1.0,3.084524971038043,0.8272085415741394,1.0,2.2727238948201533e-07,0.0843723184085178,0.03575411333568546,0.5523458871885293,0.5630060958708545,0.007441249346141065
LiPO_4,270,"./LiPo Battery LP-503562-IS-3 EIS, Capacity, ECM Data/LiPO_4/EIS_Charge_discharge/EIS_270/8_EIS.csv",-0.0087447261230437,2.791790276454566,0.7487028909315846,-0.0,2.5883862231738185e-07,0.08178109739386348,0.26498784692974764,5.550118715849371,0.2490122707258094,3.432096438574395e-19
LiPO_4,270,"./LiPo Battery LP-503562-IS-3 EIS, Capacity, ECM Data/LiPO_4/EIS_Charge_discharge/EIS_270/7_EIS.csv",0.117173664377582,2.791790276454566,0.7487028909315846,0.1,2.5797224952243497e-07,0.08381411026404531,0.08486167287554754,2.512146926396324,0.3518209763121967,0.0030725674854067456
LiPO_4,270,"./LiPo Battery LP-503562-IS-3 EIS, Capacity, ECM Data/LiPO_4/EIS_Charge_discharge/EIS_270/6_EIS.csv",0.243092242985017,2.791790276454566,0.7487028909315846,0.2,2.467885998650576e-07,0.08530654879741924,0.06464476387157976,1.6519191086488938,0.4137798034216895,0.00442677539609999
LiPO_4,270,"./LiPo Battery LP-503562-IS-3 EIS, Capacity, ECM Data/LiPO_4/EIS_Charge_discharge/EIS_270/5_EIS.csv",0.369360236891415,2.791790276454566,0.7487028909315846,0.4,2.3225832277482155e-07,0.08688094658604398,0.05131732477263956,0.9881864274277727,0.4891901999459412,0.005852527199856195
LiPO_4,270,"./LiPo Battery LP-503562-IS-3 EIS, Capacity, ECM Data/LiPO_4/EIS_Charge_discharge/EIS_270/4_EIS.csv",0.495628194394031,2.791790276454566,0.7487028909315846,0.5,2.2406626393737054e-07,0.08758397279480215,0.04552641408534755,0.6987562779223095,0.5372626891183533,0.005624601390098342
LiPO_4,270,"./LiPo Battery LP-503562-IS-3 EIS, Capacity, ECM Data/LiPO_4/EIS_Charge_discharge/EIS_270/3_EIS.csv",0.621895964330514,2.791790276454566,0.7487028909315846,0.6,2.2275158425761706e-07,0.08769825383593162,0.042642660735134834,0.5923478310462104,0.5588227544533718,0.006932027112264154
LiPO_4,270,"./LiPo Battery LP-503562-IS-3 EIS, Capacity, ECM Data/LiPO_4/EIS_Charge_discharge/EIS_270/2_EIS.csv",0.747814023757357,2.791790276454566,0.7487028909315846,0.7,2.2218747754117532e-07,0.08754863019707182,0.040795599050814584,0.539534446541027,0.5700328936696548,0.007785253995148524
LiPO_4,270,"./LiPo Battery LP-503562-IS-3 EIS, Capacity, ECM Data/LiPO_4/EIS_Charge_discharge/EIS_270/1_EIS.csv",0.873732205581601,2.791790276454566,0.7487028909315846,0.9,2.2630403234485657e-07,0.08707955065523795,0.0390961773693298,0.5367303657162201,0.5701039410534182,0.00872006962946
LiPO_4,270,"./LiPo Battery LP-503562-IS-3 EIS, Capacity, ECM Data/LiPO_4/EIS_Charge_discharge/EIS_270/0_EIS.csv",1.0,2.791790276454566,0.7487028909315846,1.0,2.2932251386771387e-07,0.08642154217646825,0.03885283713515039,0.5316058309559322,0.5680241188054642,0.008829808859666215
LiPO_4,315,"./LiPo Battery LP-503562-IS-3 EIS, Capacity, ECM Data/LiPO_4/EIS_Charge_discharge/EIS_315/7_EIS.csv",0.0019801453666896,2.4509591464259826,0.6572987283323988,0.0,2.893526437548342e-07,0.08151412744398555,0.3513547208870103,5.396487886944053,0.23225894173238568,1.6100119365640248e-19
LiPO_4,315,"./LiPo Battery LP-503562-IS-3 EIS, Capacity, ECM Data/LiPO_4/EIS_Charge_discharge/EIS_315/6_EIS.csv",0.144441918464204,2.4509591464259826,0.6572987283323988,0.1,2.605786954294317e-07,0.08699668064126836,0.08312109224105468,1.985037329990941,0.3809663107955937,0.006210591073852624
LiPO_4,315,"./LiPo Battery LP-503562-IS-3 EIS, Capacity, ECM Data/LiPO_4/EIS_Charge_discharge/EIS_315/5_EIS.csv",0.286903132279119,2.4509591464259826,0.6572987283323988,0.3,2.4682643792096515e-07,0.0885037119299026,0.06535915962774229,1.28449875541628,0.44628983677683304,0.006199964611831479
LiPO_4,315,"./LiPo Battery LP-503562-IS-3 EIS, Capacity, ECM Data/LiPO_4/EIS_Charge_discharge/EIS_315/4_EIS.csv",0.429759678209582,2.4509591464259826,0.6572987283323988,0.4,2.3008041267264198e-07,0.09008905155416201,0.05261103098847886,0.7487953957116009,0.5254777134785819,0.006894688272488919
LiPO_4,315,"./LiPo Battery LP-503562-IS-3 EIS, Capacity, ECM Data/LiPO_4/EIS_Charge_discharge/EIS_315/3_EIS.csv",0.572616279196945,2.4509591464259826,0.6572987283323988,0.6,2.245106116910163e-07,0.09042819495425096,0.048498165065151935,0.591623792669029,0.5581061662352809,0.007259726596899422
LiPO_4,315,"./LiPo Battery LP-503562-IS-3 EIS, Capacity, ECM Data/LiPO_4/EIS_Charge_discharge/EIS_315/2_EIS.csv",0.715077639000403,2.4509591464259826,0.6572987283323988,0.7,2.2219890608185112e-07,0.0904104800938645,0.04548557709532348,0.5113571312320171,0.5779665712110769,0.00829396815187199
LiPO_4,315,"./LiPo Battery LP-503562-IS-3 EIS, Capacity, ECM Data/LiPO_4/EIS_Charge_discharge/EIS_315/1_EIS.csv",0.857538623351853,2.4509591464259826,0.6572987283323988,0.9,2.2429762563711405e-07,0.08989662686829183,0.043214793078304496,0.500736762598919,0.5810540260620803,0.009652571526092333
LiPO_4,315,"./LiPo Battery LP-503562-IS-3 EIS, Capacity, ECM Data/LiPO_4/EIS_Charge_discharge/EIS_315/0_EIS.csv",1.0,2.4509591464259826,0.6572987283323988,1.0,2.3385190189538903e-07,0.08871229965484725,0.04255429806230875,0.5391270220025041,0.568141305761031,0.009624469462485736
LiPO_5,0,"./LiPo Battery LP-503562-IS-3 EIS, Capacity, ECM Data/LiPO_5/EIS_Charge_discharge/EIS_0/10_EIS.csv",0.0848427490716755,3.677779994081105,1.0,0.1,2.5518930212925025e-07,0.07594451968621252,0.07196600345335678,2.8159661473076385,0.373916578394348,0.0018114032394407533
LiPO_5,0,"./LiPo Battery LP-503562-IS-3 EIS, Capacity, ECM Data/LiPO_5/EIS_Charge_discharge/EIS_0/9_EIS.csv",0.182672699167436,3.677779994081105,1.0,0.2,2.3919883657033194e-07,0.07721940266606361,0.050403091287807324,1.5430357192213238,0.46283314013543086,0.0012384763175045082
LiPO_5,0,"./LiPo Battery LP-503562-IS-3 EIS, Capacity, ECM Data/LiPO_5/EIS_Charge_discharge/EIS_0/8_EIS.csv",0.280231744548624,3.677779994081105,1.0,0.3,2.3112421154335527e-07,0.07765463681147625,0.043993419391065866,1.167906726822627,0.503426535627326,0.0020849520098017212
LiPO_5,0,"./LiPo Battery LP-503562-IS-3 EIS, Capacity, ECM Data/LiPO_5/EIS_Charge_discharge/EIS_0/7_EIS.csv",0.377790921844467,3.677779994081105,1.0,0.4,2.197345729628952e-07,0.07830603922760036,0.03658440646049431,0.7382734591879747,0.5688806230777255,0.0026017855609685113
LiPO_5,0,"./LiPo Battery LP-503562-IS-3 EIS, Capacity, ECM Data/LiPO_5/EIS_Charge_discharge/EIS_0/6_EIS.csv",0.475620616470884,3.677779994081105,1.0,0.5,2.1776879577292087e-07,0.07837405792727249,0.03494669767905911,0.6178644739685826,0.5909525911946604,0.0022020128539777303
LiPO_5,0,"./LiPo Battery LP-503562-IS-3 EIS, Capacity, ECM Data/LiPO_5/EIS_Charge_discharge/EIS_0/5_EIS.csv",0.573450352682376,3.677779994081105,1.0,0.6,2.1637028868756701e-07,0.07839928206312297,0.03440014084851903,0.5538768708810992,0.6039965709013972,0.0022047489443223402
LiPO_5,0,"./LiPo Battery LP-503562-IS-3 EIS, Capacity, ECM Data/LiPO_5/EIS_Charge_discharge/EIS_0/4_EIS.csv",0.671280119615929,3.677779994081105,1.0,0.7,2.1559469761400387e-07,0.07830245457701068,0.033164269942503655,0.504459099267033,0.614430240555472,0.0025351627326576694
LiPO_5,0,"./LiPo Battery LP-503562-IS-3 EIS, Capacity, ECM Data/LiPO_5/EIS_Charge_discharge/EIS_0/2_EIS.csv",0.8046108323556,3.677779994081105,1.0,0.8,2.1586778564699015e-07,0.07783913301323285,0.03203595192496892,0.464806939932333,0.622355265098346,0.003799354608002765
LiPO_5,0,"./LiPo Battery LP-503562-IS-3 EIS, Capacity, ECM Data/LiPO_5/EIS_Charge_discharge/EIS_0/3_EIS.csv",0.768839196176339,3.677779994081105,1.0,0.8,2.1532339888148963e-07,0.07813456939544346,0.032150819061085405,0.4734019465371648,0.6219012004042112,0.003426088868025845
LiPO_5,0,"./LiPo Battery LP-503562-IS-3 EIS, Capacity, ECM Data/LiPO_5/EIS_Charge_discharge/EIS_0/1_EIS.csv",0.902440844706845,3.677779994081105,1.0,0.9,2.1684762281237923e-07,0.0776471701907705,0.03081156820568283,0.44825151356005,0.625978230176904,0.0042188801899646555
LiPO_5,0,"./LiPo Battery LP-503562-IS-3 EIS, Capacity, ECM Data/LiPO_5/EIS_Charge_discharge/EIS_0/0_EIS.csv",1.0,3.677779994081105,1.0,1.0,2.1921862897888855e-07,0.07727808063843362,0.03173075927228547,0.45572760989011835,0.6187700043392708,0.0034709785322806644
LiPO_5,45,"./LiPo Battery LP-503562-IS-3 EIS, Capacity, ECM Data/LiPO_5/EIS_Charge_discharge/EIS_45/10_EIS.csv",0.0827183783740612,3.6446782517034424,0.9909995316655875,0.1,2.420385456238502e-07,0.07760366581016401,0.08163795463552403,4.223041883919449,0.35811381109477525,0.0007019142106357099
LiPO_5,45,"./LiPo Battery LP-503562-IS-3 EIS, Capacity, ECM Data/LiPO_5/EIS_Charge_discharge/EIS_45/9_EIS.csv",0.181646297408451,3.6446782517034424,0.9909995316655875,0.2,2.3848037540495225e-07,0.07741439792533542,0.052192982830019496,2.52122026096587,0.4260563981633906,3.9699423368732494e-05
LiPO_5,45,"./LiPo Battery LP-503562-IS-3 EIS, Capacity, ECM Data/LiPO_5/EIS_Charge_discharge/EIS_45/8_EIS.csv",0.280848924441558,3.6446782517034424,0.9909995316655875,0.3,2.3149689780377542e-07,0.07770899026310367,0.043108313053865095,1.8615076839749882,0.4688419674389853,0.001457577259561928
LiPO_5,45,"./LiPo Battery LP-503562-IS-3 EIS, Capacity, ECM Data/LiPO_5/EIS_Charge_discharge/EIS_45/7_EIS.csv",0.380051377245364,3.6446782517034424,0.9909995316655875,0.4,2.2055386618098264e-07,0.07844987541800055,0.03278993980347136,1.01168303725686,0.5549287440548973,0.002383011805809468
LiPO_5,45,"./LiPo Battery LP-503562-IS-3 EIS, Capacity, ECM Data/LiPO_5/EIS_Charge_discharge/EIS_45/6_EIS.csv",0.479253816945828,3.6446782517034424,0.9909995316655875,0.5,2.184818065655394e-07,0.07851150474878782,0.03094369605387468,0.8234957769618414,0.5810271800366662,0.0019854451021951228
LiPO_5,45,"./LiPo Battery LP-503562-IS-3 EIS, Capacity, ECM Data/LiPO_5/EIS_Charge_discharge/EIS_45/5_EIS.csv",0.578182292933453,3.6446782517034424,0.9909995316655875,0.6,2.1705964729303237e-07,0.07851265548524393,0.02995138726456319,0.7205938996086185,0.596836642356147,0.002040794075484487
LiPO_5,45,"./LiPo Battery LP-503562-IS-3 EIS, Capacity, ECM Data/LiPO_5/EIS_Charge_discharge/EIS_45/4_EIS.csv",0.6771103177495,3.6446782517034424,0.9909995316655875,0.7,2.1585303738674878e-07,0.0784694871659353,0.028210611976620285,0.6365178134102122,0.6117916745783618,0.002444836397226031
LiPO_5,45,"./LiPo Battery LP-503562-IS-3 EIS, Capacity, ECM Data/LiPO_5/EIS_Charge_discharge/EIS_45/2_EIS.csv",0.801594541855271,3.6446782517034424,0.9909995316655875,0.8,2.1900653642462223e-07,0.0779189976372172,0.02640913654731037,0.583342413830679,0.6197364837360337,0.004050253710337268
LiPO_5,45,"./LiPo Battery LP-503562-IS-3 EIS, Capacity, ECM Data/LiPO_5/EIS_Charge_discharge/EIS_45/3_EIS.csv",0.776312867723991,3.6446782517034424,0.9909995316655875,0.8,2.1789278610682697e-07,0.07822078026462187,0.02692834054530522,0.5990826236577725,0.6180149468851488,0.0036208721572737563
LiPO_5,45,"./LiPo Battery LP-503562-IS-3 EIS, Capacity, ECM Data/LiPO_5/EIS_Charge_discharge/EIS_45/1_EIS.csv",0.900797189531112,3.6446782517034424,0.9909995316655875,0.9,2.197388677388986e-07,0.07773494149362364,0.025061342398413157,0.551053663088314,0.6261282845626706,0.004448032968766254
LiPO_5,45,"./LiPo Battery LP-503562-IS-3 EIS, Capacity, ECM Data/LiPO_5/EIS_Charge_discharge/EIS_45/0_EIS.csv",1.0,3.6446782517034424,0.9909995316655875,1.0,2.2094938145756297e-07,0.07736592193484719,0.025430989254073187,0.5546026793137446,0.6197929732519534,0.003626656998490694
LiPO_5,90,"./LiPo Battery LP-503562-IS-3 EIS, Capacity, ECM Data/LiPO_5/EIS_Charge_discharge/EIS_90/10_EIS.csv",0.0826455014560756,3.62630608457376,0.986004081377846,0.1,2.337705989998029e-07,0.07893609284616547,0.08210680136217459,4.729238379614221,0.36061676619431643,0.0014794637485851783
LiPO_5,90,"./LiPo Battery LP-503562-IS-3 EIS, Capacity, ECM Data/LiPO_5/EIS_Charge_discharge/EIS_90/9_EIS.csv",0.182424052487708,3.62630608457376,0.986004081377846,0.2,2.3327371125133883e-07,0.07806159990718523,0.05211081628641503,3.0034861568985076,0.41743808312471536,2.696498260318433e-44
LiPO_5,90,"./LiPo Battery LP-503562-IS-3 EIS, Capacity, ECM Data/LiPO_5/EIS_Charge_discharge/EIS_90/8_EIS.csv",0.282202567085257,3.62630608457376,0.986004081377846,0.3,2.3064272368489232e-07,0.07808989040374992,0.04297436679306649,2.3074220575720883,0.45176878347891786,0.0011575564090887534
LiPO_5,90,"./LiPo Battery LP-503562-IS-3 EIS, Capacity, ECM Data/LiPO_5/EIS_Charge_discharge/EIS_90/7_EIS.csv",0.381981221693746,3.62630608457376,0.986004081377846,0.4,2.1994199885268056e-07,0.07880209879699372,0.031458358696816624,1.2069126890387663,0.5429079297459254,0.002302515778163382
LiPO_5,90,"./LiPo Battery LP-503562-IS-3 EIS, Capacity, ECM Data/LiPO_5/EIS_Charge_discharge/EIS_90/6_EIS.csv",0.481483421556646,3.62630608457376,0.986004081377846,0.5,2.184964025584531e-07,0.07885210931028143,0.02940171751598177,0.9667377371881636,0.5703772084540485,0.0019593299792795937
LiPO_5,90,"./LiPo Battery LP-503562-IS-3 EIS, Capacity, ECM Data/LiPO_5/EIS_Charge_discharge/EIS_90/5_EIS.csv",0.580985838737949,3.62630608457376,0.986004081377846,0.6,2.1658987312597185e-07,0.07887253364549499,0.028281005384511455,0.8385096983649295,0.5877658258080043,0.0019938655850177864
LiPO_5,90,"./LiPo Battery LP-503562-IS-3 EIS, Capacity, ECM Data/LiPO_5/EIS_Charge_discharge/EIS_90/4_EIS.csv",0.680764248676954,3.62630608457376,0.986004081377846,0.7,2.1682023747629358e-07,0.07881672283380818,0.02646735773944408,0.7320966272145192,0.6039286222725342,0.002416140777189286
LiPO_5,90,"./LiPo Battery LP-503562-IS-3 EIS, Capacity, ECM Data/LiPO_5/EIS_Charge_discharge/EIS_90/2_EIS.csv",0.800719539470913,3.62630608457376,0.986004081377846,0.8,2.1781390333145181e-07,0.07825977983867036,0.02460856989864612,0.6696769824680876,0.6127595722079247,0.004121395279374834
LiPO_5,90,"./LiPo Battery LP-503562-IS-3 EIS, Capacity, ECM Data/LiPO_5/EIS_Charge_discharge/EIS_90/3_EIS.csv",0.780542636929391,3.62630608457376,0.986004081377846,0.8,2.1697822909450236e-07,0.0785750803962779,0.025143132173485162,0.6878900701989911,0.6107700220256218,0.003727403975395904
LiPO_5,90,"./LiPo Battery LP-503562-IS-3 EIS, Capacity, ECM Data/LiPO_5/EIS_Charge_discharge/EIS_90/1_EIS.csv",0.900221515750477,3.62630608457376,0.986004081377846,0.9,2.18761831648238e-07,0.07808335177191328,0.023294967152764162,0.6341717416199143,0.6193031901648981,0.004467728251249882
LiPO_5,90,"./LiPo Battery LP-503562-IS-3 EIS, Capacity, ECM Data/LiPO_5/EIS_Charge_discharge/EIS_90/0_EIS.csv",1.0,3.62630608457376,0.986004081377846,1.0,2.214625122282528e-07,0.07768485114008115,0.023439598907049223,0.6338824219213742,0.6126387627273707,0.0036604092929675143
LiPO_5,135,"./LiPo Battery LP-503562-IS-3 EIS, Capacity, ECM Data/LiPO_5/EIS_Charge_discharge/EIS_135/10_EIS.csv",0.0818966254983997,3.5956931976500375,0.9776803407046709,0.1,2.2788174107231265e-07,0.07990845870323267,0.09054371433169102,5.25262354905804,0.35783238727891986,0.001936666001694779
LiPO_5,135,"./LiPo Battery LP-503562-IS-3 EIS, Capacity, ECM Data/LiPO_5/EIS_Charge_discharge/EIS_135/9_EIS.csv",0.182174941044914,3.5956931976500375,0.9776803407046709,0.2,2.2616558195472385e-07,0.0786763357121097,0.05422043582077263,3.3635546097255657,0.4150410080550585,1.6375767579222988e-19
LiPO_5,135,"./LiPo Battery LP-503562-IS-3 EIS, Capacity, ECM Data/LiPO_5/EIS_Charge_discharge/EIS_135/8_EIS.csv",0.282453614196131,3.5956931976500375,0.9776803407046709,0.3,3.6611196513143767e-07,0.0002530659145717446,2.8289926370666225,7.765700469827897,0.04407322558026639,6.699915612351986e-08
LiPO_5,135,"./LiPo Battery LP-503562-IS-3 EIS, Capacity, ECM Data/LiPO_5/EIS_Charge_discharge/EIS_135/7_EIS.csv",0.383010050131276,3.5956931976500375,0.9776803407046709,0.4,2.2029628858456188e-07,0.07890444712014544,0.03230269859301079,1.440137778549858,0.5249184028284145,0.002232874394921734
LiPO_5,135,"./LiPo Battery LP-503562-IS-3 EIS, Capacity, ECM Data/LiPO_5/EIS_Charge_discharge/EIS_135/6_EIS.csv",0.483566512612232,3.5956931976500375,0.9776803407046709,0.5,2.1696138926671798e-07,0.07898768698532982,0.02976948556415797,1.1232532377047677,0.5564314061213957,0.0018788026307873982
LiPO_5,135,"./LiPo Battery LP-503562-IS-3 EIS, Capacity, ECM Data/LiPO_5/EIS_Charge_discharge/EIS_135/5_EIS.csv",0.584123186698467,3.5956931976500375,0.9776803407046709,0.6,2.182922191406665e-07,0.07894464831511828,0.028652558766089648,0.9778621249560748,0.5719151765974342,0.0019225677209733368
LiPO_5,135,"./LiPo Battery LP-503562-IS-3 EIS, Capacity, ECM Data/LiPO_5/EIS_Charge_discharge/EIS_135/4_EIS.csv",0.684402079263279,3.5956931976500375,0.9776803407046709,0.7,2.165777079480951e-07,0.0789610727677123,0.02658492603836452,0.825973487027009,0.5934886758739145,0.002360490990627617
LiPO_5,135,"./LiPo Battery LP-503562-IS-3 EIS, Capacity, ECM Data/LiPO_5/EIS_Charge_discharge/EIS_135/2_EIS.csv",0.798886531339473,3.5956931976500375,0.9776803407046709,0.8,2.1922051449776853e-07,0.07832136646852848,0.024807166584171127,0.7720978899398921,0.5981125217564388,0.004212417905076279
LiPO_5,135,"./LiPo Battery LP-503562-IS-3 EIS, Capacity, ECM Data/LiPO_5/EIS_Charge_discharge/EIS_135/3_EIS.csv",0.784680449403163,3.5956931976500375,0.9776803407046709,0.8,2.159287434947617e-07,0.0787346309538533,0.025225457869097828,0.7753049137343908,0.6008780089845164,0.003725298729212684
LiPO_5,135,"./LiPo Battery LP-503562-IS-3 EIS, Capacity, ECM Data/LiPO_5/EIS_Charge_discharge/EIS_135/1_EIS.csv",0.899443257963295,3.5956931976500375,0.9776803407046709,0.9,2.1902434982508395e-07,0.07815437382771473,0.02344138903522572,0.7235114735909486,0.6065757235164924,0.004484197732684495
LiPO_5,135,"./LiPo Battery LP-503562-IS-3 EIS, Capacity, ECM Data/LiPO_5/EIS_Charge_discharge/EIS_135/0_EIS.csv",1.0,3.5956931976500375,0.9776803407046709,1.0,2.2076475532414288e-07,0.07778031489022269,0.023522289255771125,0.7224807994509727,0.6005687541039969,0.0036361588591169456
LiPO_5,180,"./LiPo Battery LP-503562-IS-3 EIS, Capacity, ECM Data/LiPO_5/EIS_Charge_discharge/EIS_180/10_EIS.csv",0.0814690702423312,3.5767524341021004,0.9725302872543776,0.1,2.2303102439964437e-07,0.0809178202363326,0.0961364416705405,5.589597891027527,0.35880437511719415,0.002719714149534739
LiPO_5,180,"./LiPo Battery LP-503562-IS-3 EIS, Capacity, ECM Data/LiPO_5/EIS_Charge_discharge/EIS_180/9_EIS.csv",0.182532403711283,3.5767524341021004,0.9725302872543776,0.2,2.193110117632703e-07,0.07930062706375705,0.05558023332325496,3.6408232517784365,0.41507247410916104,1.0392226552167205e-24
LiPO_5,180,"./LiPo Battery LP-503562-IS-3 EIS, Capacity, ECM Data/LiPO_5/EIS_Charge_discharge/EIS_180/8_EIS.csv",0.283316300048336,3.5767524341021004,0.9725302872543776,0.3,2.2558099925816787e-07,0.0786462467135086,0.04741574892846617,3.1336241867651955,0.4256668462367049,0.00018901772859619353
LiPO_5,180,"./LiPo Battery LP-503562-IS-3 EIS, Capacity, ECM Data/LiPO_5/EIS_Charge_discharge/EIS_180/7_EIS.csv",0.384099992849262,3.5767524341021004,0.9725302872543776,0.4,2.1958112899248163e-07,0.07907835324551055,0.032908049594535284,1.6634497614701056,0.5100252363516372,0.0021420524902004997
LiPO_5,180,"./LiPo Battery LP-503562-IS-3 EIS, Capacity, ECM Data/LiPO_5/EIS_Charge_discharge/EIS_180/6_EIS.csv",0.48516386410882,3.5767524341021004,0.9725302872543776,0.5,2.1713982254106123e-07,0.07920441270050595,0.029908790198856734,1.2709929643473008,0.5445762899449214,0.001822324671037144
LiPO_5,180,"./LiPo Battery LP-503562-IS-3 EIS, Capacity, ECM Data/LiPO_5/EIS_Charge_discharge/EIS_180/5_EIS.csv",0.586227227447345,3.5767524341021004,0.9725302872543776,0.6,2.174954416679307e-07,0.07918305533881681,0.028737921557342637,1.0985358900133924,0.561072964741227,0.0018846602349971667
LiPO_5,180,"./LiPo Battery LP-503562-IS-3 EIS, Capacity, ECM Data/LiPO_5/EIS_Charge_discharge/EIS_180/4_EIS.csv",0.687290597461085,3.5767524341021004,0.9725302872543776,0.7,2.1433828855252648e-07,0.07918595799393688,0.02662572210777877,0.9191842910651782,0.5833034783119367,0.0023128890898737003
LiPO_5,180,"./LiPo Battery LP-503562-IS-3 EIS, Capacity, ECM Data/LiPO_5/EIS_Charge_discharge/EIS_180/2_EIS.csv",0.798152701242354,3.5767524341021004,0.9725302872543776,0.8,2.1809710665919986e-07,0.07856543212891318,0.02487561888442191,0.8601423044634143,0.5870339147744105,0.004238002000593306
LiPO_5,180,"./LiPo Battery LP-503562-IS-3 EIS, Capacity, ECM Data/LiPO_5/EIS_Charge_discharge/EIS_180/3_EIS.csv",0.78807431890331,3.5767524341021004,0.9725302872543776,0.8,2.9503487603444816e-07,0.0008311281656145996,4.0647793570268576,8.77669511664497,0.03215250484243107,7.568049897262691e-07
LiPO_5,180,"./LiPo Battery LP-503562-IS-3 EIS, Capacity, ECM Data/LiPO_5/EIS_Charge_discharge/EIS_180/1_EIS.csv",0.899216335930091,3.5767524341021004,0.9725302872543776,0.9,2.1846659939476682e-07,0.07841961366277697,0.02346411043060617,0.8017641474324873,0.5963637984193607,0.004483998484859277
LiPO_5,180,"./LiPo Battery LP-503562-IS-3 EIS, Capacity, ECM Data/LiPO_5/EIS_Charge_discharge/EIS_180/0_EIS.csv",1.0,3.5767524341021004,0.9725302872543776,1.0,2.1917737467558084e-07,0.07817618234861631,0.023489545383813298,0.7913096067485208,0.5921014047021368,0.003675758497761613
LiPO_5,225,"./LiPo Battery LP-503562-IS-3 EIS, Capacity, ECM Data/LiPO_5/EIS_Charge_discharge/EIS_225/9_EIS.csv",0.0859397713641259,3.550721751249706,0.9654524623452511,0.1,2.1290172619834856e-07,0.08011148787206805,0.0584121299053176,3.8458640369544965,0.4142417068748696,1.067774187378507e-25
LiPO_5,225,"./LiPo Battery LP-503562-IS-3 EIS, Capacity, ECM Data/LiPO_5/EIS_Charge_discharge/EIS_225/8_EIS.csv",0.18765838369042,3.550721751249706,0.9654524623452511,0.2,2.2083753593558962e-07,0.07925983503350408,0.04967499262172696,3.3738070225169827,0.42062270381307176,3.063463398590138e-21
LiPO_5,225,"./LiPo Battery LP-503562-IS-3 EIS, Capacity, ECM Data/LiPO_5/EIS_Charge_discharge/EIS_225/7_EIS.csv",0.289377116816039,3.550721751249706,0.9654524623452511,0.3,2.1874765415901472e-07,0.07941203070732737,0.03466927330648497,1.909912029342402,0.49235324394105157,0.0020370572562789574
LiPO_5,225,"./LiPo Battery LP-503562-IS-3 EIS, Capacity, ECM Data/LiPO_5/EIS_Charge_discharge/EIS_225/6_EIS.csv",0.390814107386503,3.550721751249706,0.9654524623452511,0.4,2.17039080766318e-07,0.07953640526900745,0.030796838385189654,1.4072323173307695,0.5306872569079312,0.0017572150991404312
LiPO_5,225,"./LiPo Battery LP-503562-IS-3 EIS, Capacity, ECM Data/LiPO_5/EIS_Charge_discharge/EIS_225/5_EIS.csv",0.492251259100863,3.550721751249706,0.9654524623452511,0.5,2.1658417616580493e-07,0.07955138004926368,0.02954288660237658,1.2126435444152859,0.5475347462671109,0.0018556081152358178
LiPO_5,225,"./LiPo Battery LP-503562-IS-3 EIS, Capacity, ECM Data/LiPO_5/EIS_Charge_discharge/EIS_225/4_EIS.csv",0.593969993502299,3.550721751249706,0.9654524623452511,0.6,2.143856828275356e-07,0.07960788746400708,0.02732136066638887,1.0112097423483222,0.5697373827052076,0.0022706386856187286
LiPO_5,225,"./LiPo Battery LP-503562-IS-3 EIS, Capacity, ECM Data/LiPO_5/EIS_Charge_discharge/EIS_225/3_EIS.csv",0.695688564149031,3.550721751249706,0.9654524623452511,0.7,2.1606627079089586e-07,0.07936143619394677,0.02610590126229791,0.9507391001565719,0.5750307798643998,0.003633730020612021
LiPO_5,225,"./LiPo Battery LP-503562-IS-3 EIS, Capacity, ECM Data/LiPO_5/EIS_Charge_discharge/EIS_225/2_EIS.csv",0.797125652270223,3.550721751249706,0.9654524623452511,0.8,2.183276772143253e-07,0.0790673064283394,0.025574974000217084,0.9268230565886028,0.5757222089483076,0.00430755701248325
LiPO_5,225,"./LiPo Battery LP-503562-IS-3 EIS, Capacity, ECM Data/LiPO_5/EIS_Charge_discharge/EIS_225/1_EIS.csv",0.898562671119508,3.550721751249706,0.9654524623452511,0.9,2.1848633545100538e-07,0.07889994828715385,0.02410922073259403,0.8680993098149334,0.5841103939307979,0.0045350058440308694
LiPO_5,225,"./LiPo Battery LP-503562-IS-3 EIS, Capacity, ECM Data/LiPO_5/EIS_Charge_discharge/EIS_225/0_EIS.csv",1.0,3.550721751249706,0.9654524623452511,1.0,2.201380558492589e-07,0.07860049360744617,0.024403498867962385,0.8578709165356337,0.5762360724927835,0.0037131282375518324
LiPO_5,270,"./LiPo Battery LP-503562-IS-3 EIS, Capacity, ECM Data/LiPO_5/EIS_Charge_discharge/EIS_270/9_EIS.csv",0.0757428342441478,3.5097795184017024,0.9543201398806408,0.1,2.0492629247667797e-07,0.08119379078257186,0.06236143435745377,4.006781233912174,0.4109491953603427,1.2451554431778709e-24
LiPO_5,270,"./LiPo Battery LP-503562-IS-3 EIS, Capacity, ECM Data/LiPO_5/EIS_Charge_discharge/EIS_270/8_EIS.csv",0.17824869172611,3.5097795184017024,0.9543201398806408,0.2,2.14081855116933e-07,0.08028536441698081,0.051769273421787304,3.4788944377313795,0.4194867302869939,1.0278532578688589e-18
LiPO_5,270,"./LiPo Battery LP-503562-IS-3 EIS, Capacity, ECM Data/LiPO_5/EIS_Charge_discharge/EIS_270/7_EIS.csv",0.281038652822543,3.5097795184017024,0.9543201398806408,0.3,2.1661171938636613e-07,0.08003718881842825,0.037473432852069034,2.2167033137498766,0.4705334308062601,0.0019089401959756706
LiPO_5,270,"./LiPo Battery LP-503562-IS-3 EIS, Capacity, ECM Data/LiPO_5/EIS_Charge_discharge/EIS_270/6_EIS.csv",0.383828580413051,3.5097795184017024,0.9543201398806408,0.4,2.1393222633218563e-07,0.08023939118289355,0.03189513619642852,1.5152499514335356,0.5182803673589432,0.0017757296594271496
LiPO_5,270,"./LiPo Battery LP-503562-IS-3 EIS, Capacity, ECM Data/LiPO_5/EIS_Charge_discharge/EIS_270/5_EIS.csv",0.486618762094,3.5097795184017024,0.9543201398806408,0.5,2.138820509985558e-07,0.08026017778575428,0.03059399222811773,1.3069286020469324,0.5345227642824566,0.0018363119521315023
LiPO_5,270,"./LiPo Battery LP-503562-IS-3 EIS, Capacity, ECM Data/LiPO_5/EIS_Charge_discharge/EIS_270/4_EIS.csv",0.589124237302779,3.5097795184017024,0.9543201398806408,0.6,2.1337145765967326e-07,0.08035444637889763,0.02823880541443561,1.0734678323757665,0.5582242011697551,0.0023114099401426134
LiPO_5,270,"./LiPo Battery LP-503562-IS-3 EIS, Capacity, ECM Data/LiPO_5/EIS_Charge_discharge/EIS_270/3_EIS.csv",0.69162986147091,3.5097795184017024,0.9543201398806408,0.7,2.1398038153823366e-07,0.0801681162489087,0.026966364304512297,0.993978528221275,0.5656020953516573,0.00363910361333148
LiPO_5,270,"./LiPo Battery LP-503562-IS-3 EIS, Capacity, ECM Data/LiPO_5/EIS_Charge_discharge/EIS_270/2_EIS.csv",0.794419924946091,3.5097795184017024,0.9543201398806408,0.8,2.1560818392398995e-07,0.07983490223504008,0.026510467435135673,0.9698656244870333,0.5649533790008312,0.0044263113850950084
LiPO_5,270,"./LiPo Battery LP-503562-IS-3 EIS, Capacity, ECM Data/LiPO_5/EIS_Charge_discharge/EIS_270/1_EIS.csv",0.897209872940334,3.5097795184017024,0.9543201398806408,0.9,2.158748887854409e-07,0.07966673140116183,0.024974335791073072,0.9106170348680698,0.5734267523675414,0.0046604638813852895
LiPO_5,270,"./LiPo Battery LP-503562-IS-3 EIS, Capacity, ECM Data/LiPO_5/EIS_Charge_discharge/EIS_270/0_EIS.csv",1.0,3.5097795184017024,0.9543201398806408,1.0,2.190516082233777e-07,0.0793672943447911,0.025350897298082323,0.8965423903814606,0.5652564315846916,0.003847276477901891
LiPO_5,315,"./LiPo Battery LP-503562-IS-3 EIS, Capacity, ECM Data/LiPO_5/EIS_Charge_discharge/EIS_315/9_EIS.csv",0.0580570415420344,3.435751069093194,0.9341915706275459,0.1,1.986525583063477e-07,0.08254357366552735,0.06991001673775538,4.190757615342715,0.40052152086857745,1.1739822292138248e-27
LiPO_5,315,"./LiPo Battery LP-503562-IS-3 EIS, Capacity, ECM Data/LiPO_5/EIS_Charge_discharge/EIS_315/8_EIS.csv",0.162556164739439,3.435751069093194,0.9341915706275459,0.2,2.0757701145137072e-07,0.08156526753343193,0.055302195646301185,3.516826592820906,0.41403922891322653,1.0378456230102034e-24
LiPO_5,315,"./LiPo Battery LP-503562-IS-3 EIS, Capacity, ECM Data/LiPO_5/EIS_Charge_discharge/EIS_315/7_EIS.csv",0.267055471080072,3.435751069093194,0.9341915706275459,0.3,2.1369672767799725e-07,0.08097282855383675,0.04244077944642751,2.557075149103185,0.44486023988867385,0.0016552137243086122
LiPO_5,315,"./LiPo Battery LP-503562-IS-3 EIS, Capacity, ECM Data/LiPO_5/EIS_Charge_discharge/EIS_315/6_EIS.csv",0.371844627557927,3.435751069093194,0.9341915706275459,0.4,2.1166810602004136e-07,0.08121818197409578,0.03389329184135852,1.5878418360639204,0.5035804597099589,0.0018898386004995956
LiPO_5,315,"./LiPo Battery LP-503562-IS-3 EIS, Capacity, ECM Data/LiPO_5/EIS_Charge_discharge/EIS_315/5_EIS.csv",0.476633845595422,3.435751069093194,0.9341915706275459,0.5,2.1254420343849032e-07,0.08126063677066436,0.032377357351676926,1.3540628722903518,0.5213130545806498,0.0019359200655086884
LiPO_5,315,"./LiPo Battery LP-503562-IS-3 EIS, Capacity, ECM Data/LiPO_5/EIS_Charge_discharge/EIS_315/4_EIS.csv",0.581423287682106,3.435751069093194,0.9341915706275459,0.6,2.1128754536808163e-07,0.08137439077863624,0.02987426798530619,1.1007193286948458,0.5458227775055323,0.002427395472644619
LiPO_5,315,"./LiPo Battery LP-503562-IS-3 EIS, Capacity, ECM Data/LiPO_5/EIS_Charge_discharge/EIS_315/3_EIS.csv",0.685922497744541,3.435751069093194,0.9341915706275459,0.7,2.11663724610347e-07,0.081288032627808,0.02839949376961153,0.9980432833142056,0.5564335636772753,0.003701522799547828
LiPO_5,315,"./LiPo Battery LP-503562-IS-3 EIS, Capacity, ECM Data/LiPO_5/EIS_Charge_discharge/EIS_315/2_EIS.csv",0.790421800106717,3.435751069093194,0.9341915706275459,0.8,2.142408741203316e-07,0.08091789310143287,0.027965168086581504,0.9849081122452759,0.553926273780865,0.004659569358337476
LiPO_5,315,"./LiPo Battery LP-503562-IS-3 EIS, Capacity, ECM Data/LiPO_5/EIS_Charge_discharge/EIS_315/1_EIS.csv",0.895211020466619,3.435751069093194,0.9341915706275459,0.9,2.144619306267536e-07,0.08073339901162721,0.02633470093934456,0.9214553422387602,0.5627046076629579,0.004971355871133742
LiPO_5,315,"./LiPo Battery LP-503562-IS-3 EIS, Capacity, ECM Data/LiPO_5/EIS_Charge_discharge/EIS_315/0_EIS.csv",1.0,3.435751069093194,0.9341915706275459,1.0,2.1635342885291826e-07,0.08042791193007662,0.02671559962434263,0.905650512836654,0.5548963376078279,0.004106315282643251
LiPO_5,360,"./LiPo Battery LP-503562-IS-3 EIS, Capacity, ECM Data/LiPO_5/EIS_Charge_discharge/EIS_360/9_EIS.csv",0.0336420558910856,3.3407950236543265,0.9083727218677814,0.0,1.8877817809147282e-07,0.08437470390696432,0.08475919514283636,4.5620301906017,0.38233281915220924,2.273076614138439e-23
LiPO_5,360,"./LiPo Battery LP-503562-IS-3 EIS, Capacity, ECM Data/LiPO_5/EIS_Charge_discharge/EIS_360/8_EIS.csv",0.141114493852406,3.3407950236543265,0.9083727218677814,0.1,1.9967296613056116e-07,0.08319364946989463,0.06055461281652814,3.5685947148881634,0.40378286966094057,4.521776810085004e-24
LiPO_5,360,"./LiPo Battery LP-503562-IS-3 EIS, Capacity, ECM Data/LiPO_5/EIS_Charge_discharge/EIS_360/7_EIS.csv",0.248586448836086,3.3407950236543265,0.9083727218677814,0.2,2.1256795086607362e-07,0.0821067536835191,0.04955925749532189,2.9348183916217256,0.4141942175120738,0.001040804959858578
LiPO_5,360,"./LiPo Battery LP-503562-IS-3 EIS, Capacity, ECM Data/LiPO_5/EIS_Charge_discharge/EIS_360/6_EIS.csv",0.356058586422926,3.3407950236543265,0.9083727218677814,0.4,2.1022343083660625e-07,0.08253846706627406,0.036646872977680024,1.6580216094217617,0.48542780805144153,0.0021547312890091755
LiPO_5,360,"./LiPo Battery LP-503562-IS-3 EIS, Capacity, ECM Data/LiPO_5/EIS_Charge_discharge/EIS_360/5_EIS.csv",0.463233747449205,3.3407950236543265,0.9083727218677814,0.5,2.1012292392033695e-07,0.08262155832164655,0.034505530022602114,1.3677381228276195,0.5072815327585857,0.0021630917908154516
LiPO_5,360,"./LiPo Battery LP-503562-IS-3 EIS, Capacity, ECM Data/LiPO_5/EIS_Charge_discharge/EIS_360/4_EIS.csv",0.570408554361154,3.3407950236543265,0.9083727218677814,0.6,2.066524231863386e-07,0.08284593165389094,0.03179804052708964,1.0951425796776229,0.5343433437134927,0.0026823403998160575
LiPO_5,360,"./LiPo Battery LP-503562-IS-3 EIS, Capacity, ECM Data/LiPO_5/EIS_Charge_discharge/EIS_360/3_EIS.csv",0.67788098682956,3.3407950236543265,0.9083727218677814,0.7,2.0832471019128713e-07,0.08274033392447407,0.03026800911021879,0.9855408308242669,0.5447970828277793,0.0039034074601813308
LiPO_5,360,"./LiPo Battery LP-503562-IS-3 EIS, Capacity, ECM Data/LiPO_5/EIS_Charge_discharge/EIS_360/2_EIS.csv",0.785352916261391,3.3407950236543265,0.9083727218677814,0.8,2.1184187653358772e-07,0.08237463376827175,0.029777767748095225,0.9627284156830909,0.5431599226938613,0.005015113387513148
LiPO_5,360,"./LiPo Battery LP-503562-IS-3 EIS, Capacity, ECM Data/LiPO_5/EIS_Charge_discharge/EIS_360/1_EIS.csv",0.892825241399065,3.3407950236543265,0.9083727218677814,0.9,2.12493987784697e-07,0.08219915967891564,0.028049740690582466,0.8950348799830188,0.5529961687122275,0.005394424560888423
LiPO_5,360,"./LiPo Battery LP-503562-IS-3 EIS, Capacity, ECM Data/LiPO_5/EIS_Charge_discharge/EIS_360/0_EIS.csv",1.0,3.3407950236543265,0.9083727218677814,1.0,2.1504945453033973e-07,0.08187103498881346,0.028429197760635676,0.875429401027139,0.5455266968949806,0.004595507462884613
LiPO_5,405,"./LiPo Battery LP-503562-IS-3 EIS, Capacity, ECM Data/LiPO_5/EIS_Charge_discharge/EIS_405/9_EIS.csv",-0.0033980555278558,3.2013080614328033,0.8704457761434562,-0.0,1.7994365448700887e-07,0.08733492024862415,0.13140421130304425,5.43130291095556,0.3437476747397007,2.3179347968937535e-23
LiPO_5,405,"./LiPo Battery LP-503562-IS-3 EIS, Capacity, ECM Data/LiPO_5/EIS_Charge_discharge/EIS_405/8_EIS.csv",0.108228053452862,3.2013080614328033,0.8704457761434562,0.1,1.9285135654361024e-07,0.08574794109410466,0.07031750805085235,3.6646254970027714,0.3813591210454887,1.180443771403905e-26
LiPO_5,405,"./LiPo Battery LP-503562-IS-3 EIS, Capacity, ECM Data/LiPO_5/EIS_Charge_discharge/EIS_405/7_EIS.csv",0.219545274609443,3.2013080614328033,0.8704457761434562,0.2,2.084294841832621e-07,0.08428625273588673,0.05869020491160381,3.151643991986175,0.38474276482205316,0.0005751835106791727
LiPO_5,405,"./LiPo Battery LP-503562-IS-3 EIS, Capacity, ECM Data/LiPO_5/EIS_Charge_discharge/EIS_405/6_EIS.csv",0.330862334962975,3.2013080614328033,0.8704457761434562,0.3,2.0745270496205723e-07,0.0847924570301003,0.042040340691146705,1.7838269251878838,0.4554475626963058,0.0027821279878287386
LiPO_5,405,"./LiPo Battery LP-503562-IS-3 EIS, Capacity, ECM Data/LiPO_5/EIS_Charge_discharge/EIS_405/5_EIS.csv",0.442488328621817,3.2013080614328033,0.8704457761434562,0.4,2.0511390803637573e-07,0.08517001850693284,0.037427960827319195,1.30330777234478,0.49459866452898427,0.002797503484638648
LiPO_5,405,"./LiPo Battery LP-503562-IS-3 EIS, Capacity, ECM Data/LiPO_5/EIS_Charge_discharge/EIS_405/4_EIS.csv",0.554114476968718,3.2013080614328033,0.8704457761434562,0.6,2.0442414062422192e-07,0.0853664878407795,0.03491055975716706,1.0579059303620844,0.5187359158332516,0.0031958093378388563
LiPO_5,405,"./LiPo Battery LP-503562-IS-3 EIS, Capacity, ECM Data/LiPO_5/EIS_Charge_discharge/EIS_405/3_EIS.csv",0.665740148984867,3.2013080614328033,0.8704457761434562,0.7,2.035777547942248e-07,0.0854111711013245,0.0328775686895663,0.9076502120918652,0.536750528386711,0.004473094017415408
LiPO_5,405,"./LiPo Battery LP-503562-IS-3 EIS, Capacity, ECM Data/LiPO_5/EIS_Charge_discharge/EIS_405/2_EIS.csv",0.777056983726838,3.2013080614328033,0.8704457761434562,0.8,2.0699206136399318e-07,0.08503691345662479,0.03240127242598822,0.8835939467615682,0.5348594604765867,0.0056341255061379755
LiPO_5,405,"./LiPo Battery LP-503562-IS-3 EIS, Capacity, ECM Data/LiPO_5/EIS_Charge_discharge/EIS_405/1_EIS.csv",0.888374034280137,3.2013080614328033,0.8704457761434562,0.9,2.0982012797741635e-07,0.08474617962743589,0.030834615835208645,0.8431459542602736,0.5400438575811561,0.006067662704466035
LiPO_5,405,"./LiPo Battery LP-503562-IS-3 EIS, Capacity, ECM Data/LiPO_5/EIS_Charge_discharge/EIS_405/0_EIS.csv",1.0,3.2013080614328033,0.8704457761434562,1.0,2.1179686948845134e-07,0.0844496355412241,0.031071667375274885,0.8049506246748375,0.5368778395057998,0.005479737930027281
LiPO_5,450,"./LiPo Battery LP-503562-IS-3 EIS, Capacity, ECM Data/LiPO_5/EIS_Charge_discharge/EIS_450/8_EIS.csv",0.0399491499371013,2.948585469696934,0.8017297049965707,0.0,1.9478199768663256e-07,0.08792671405137895,0.10982759662567287,4.214034749461282,0.32877053827922165,1.0254828723434949e-20
LiPO_5,450,"./LiPo Battery LP-503562-IS-3 EIS, Capacity, ECM Data/LiPO_5/EIS_Charge_discharge/EIS_450/7_EIS.csv",0.160121872430821,2.948585469696934,0.8017297049965707,0.2,2.1389837075364938e-07,0.08632978912034452,0.0777298278913865,3.1906176289824844,0.3476303735084017,0.0004887236339661681
LiPO_5,450,"./LiPo Battery LP-503562-IS-3 EIS, Capacity, ECM Data/LiPO_5/EIS_Charge_discharge/EIS_450/6_EIS.csv",0.279962099575885,2.948585469696934,0.8017297049965707,0.3,2.117030120633846e-07,0.08701258594527711,0.056870271914342796,2.055875454945533,0.4049768264541158,0.0034026112810024867
LiPO_5,450,"./LiPo Battery LP-503562-IS-3 EIS, Capacity, ECM Data/LiPO_5/EIS_Charge_discharge/EIS_450/5_EIS.csv",0.399801956885526,2.948585469696934,0.8017297049965707,0.4,2.0695776761679348e-07,0.08808015050951871,0.0445511056537071,1.183538533212598,0.4783521497903972,0.004193774310906698
LiPO_5,450,"./LiPo Battery LP-503562-IS-3 EIS, Capacity, ECM Data/LiPO_5/EIS_Charge_discharge/EIS_450/4_EIS.csv",0.519641960996556,2.948585469696934,0.8017297049965707,0.5,2.032607415634551e-07,0.08846893103500104,0.041152473949311555,0.9202425105790404,0.5100722135153902,0.004348851601529271
LiPO_5,450,"./LiPo Battery LP-503562-IS-3 EIS, Capacity, ECM Data/LiPO_5/EIS_Charge_discharge/EIS_450/3_EIS.csv",0.639814743250776,2.948585469696934,0.8017297049965707,0.6,2.0175842940678113e-07,0.08864659515084433,0.03822050525626604,0.7630829863915117,0.5340262050381799,0.005692707645597648
LiPO_5,450,"./LiPo Battery LP-503562-IS-3 EIS, Capacity, ECM Data/LiPO_5/EIS_Charge_discharge/EIS_450/2_EIS.csv",0.759987214910443,2.948585469696934,0.8017297049965707,0.8,2.052552625481531e-07,0.08835530456325398,0.03719272524450574,0.7135800094109142,0.5393313325632049,0.006856827241777602
LiPO_5,450,"./LiPo Battery LP-503562-IS-3 EIS, Capacity, ECM Data/LiPO_5/EIS_Charge_discharge/EIS_450/1_EIS.csv",0.880159694153953,2.948585469696934,0.8017297049965707,0.9,2.0819475445776172e-07,0.08792070028431508,0.035830269490232915,0.7102016995940758,0.5386356867568396,0.007477005986806963
LiPO_5,450,"./LiPo Battery LP-503562-IS-3 EIS, Capacity, ECM Data/LiPO_5/EIS_Charge_discharge/EIS_450/0_EIS.csv",1.0,2.948585469696934,0.8017297049965707,1.0,2.1160536532292514e-07,0.08737375401406257,0.03580566281025965,0.678272254084443,0.5371657414193817,0.007147991208496477
LiPO_5,495,"./LiPo Battery LP-503562-IS-3 EIS, Capacity, ECM Data/LiPO_5/EIS_Charge_discharge/EIS_495/7_EIS.csv",0.0624090652297605,2.6212000277132534,0.7127125689768622,0.1,2.2830145714583635e-07,0.0871621762404106,0.1260641804513111,3.9129640372691314,0.30230613554132724,4.109285421055735e-07
LiPO_5,495,"./LiPo Battery LP-503562-IS-3 EIS, Capacity, ECM Data/LiPO_5/EIS_Charge_discharge/EIS_495/6_EIS.csv",0.196509622063749,2.6212000277132534,0.7127125689768622,0.2,2.2573909339302967e-07,0.08841283099360284,0.07534230499874273,2.347947906153502,0.370801698006591,0.003905488899398677
LiPO_5,495,"./LiPo Battery LP-503562-IS-3 EIS, Capacity, ECM Data/LiPO_5/EIS_Charge_discharge/EIS_495/5_EIS.csv",0.330610372699878,2.6212000277132534,0.7127125689768622,0.3,2.177083665190143e-07,0.08970564902215376,0.056950652801318766,1.427627836798549,0.43996309234543135,0.005804394180468381
LiPO_5,495,"./LiPo Battery LP-503562-IS-3 EIS, Capacity, ECM Data/LiPO_5/EIS_Charge_discharge/EIS_495/4_EIS.csv",0.464710866949419,2.6212000277132534,0.7127125689768622,0.5,2.0732479146342098e-07,0.09090104557706108,0.04703507324568522,0.871250770684244,0.5090030616323046,0.0058718251272146344
LiPO_5,495,"./LiPo Battery LP-503562-IS-3 EIS, Capacity, ECM Data/LiPO_5/EIS_Charge_discharge/EIS_495/3_EIS.csv",0.598440401037017,2.6212000277132534,0.7127125689768622,0.6,2.0424485794001183e-07,0.09122231333826367,0.04341223938063492,0.6951801098216566,0.5393501998519247,0.006876780644509243
LiPO_5,495,"./LiPo Battery LP-503562-IS-3 EIS, Capacity, ECM Data/LiPO_5/EIS_Charge_discharge/EIS_495/2_EIS.csv",0.732169886929472,2.6212000277132534,0.7127125689768622,0.7,2.0294901049971414e-07,0.09106631873040606,0.041171931808482706,0.6148671749029848,0.5540559157839741,0.007959720134055312
LiPO_5,495,"./LiPo Battery LP-503562-IS-3 EIS, Capacity, ECM Data/LiPO_5/EIS_Charge_discharge/EIS_495/1_EIS.csv",0.865899256219952,2.6212000277132534,0.7127125689768622,0.9,2.072144445512871e-07,0.09051735903296508,0.03956330262785071,0.612601352541944,0.553457679854378,0.008789165239816822
LiPO_5,495,"./LiPo Battery LP-503562-IS-3 EIS, Capacity, ECM Data/LiPO_5/EIS_Charge_discharge/EIS_495/0_EIS.csv",1.0,2.6212000277132534,0.7127125689768622,1.0,2.123814597147776e-07,0.0896632286706454,0.039243943814263056,0.619356481824204,0.5473302997603319,0.008679506192713203
LiPO_5,540,"./LiPo Battery LP-503562-IS-3 EIS, Capacity, ECM Data/LiPO_5/EIS_Charge_discharge/EIS_540/6_EIS.csv",0.0700797409144959,2.250179553189266,0.6118309297485519,0.1,2.430778318849895e-07,0.08982668794286879,0.12042138564877207,3.153789183690238,0.317348891742052,0.005449595094125456
LiPO_5,540,"./LiPo Battery LP-503562-IS-3 EIS, Capacity, ECM Data/LiPO_5/EIS_Charge_discharge/EIS_540/5_EIS.csv",0.224851931527893,2.250179553189266,0.6118309297485519,0.2,2.3317524738270141e-07,0.09157603891116005,0.07521661243964005,1.7899836807491785,0.39745626048085597,0.00644234869758599
LiPO_5,540,"./LiPo Battery LP-503562-IS-3 EIS, Capacity, ECM Data/LiPO_5/EIS_Charge_discharge/EIS_540/4_EIS.csv",0.379623521874974,2.250179553189266,0.6118309297485519,0.4,2.147648487183372e-07,0.09354255878375956,0.056729984508210644,0.9850772460794767,0.4852233807523857,0.007505050388793743
LiPO_5,540,"./LiPo Battery LP-503562-IS-3 EIS, Capacity, ECM Data/LiPO_5/EIS_Charge_discharge/EIS_540/3_EIS.csv",0.534824787589407,2.250179553189266,0.6118309297485519,0.5,2.054199151528016e-07,0.09430815276883348,0.049878671830576864,0.6814448051914319,0.5364412016927254,0.007418694498636468
LiPO_5,540,"./LiPo Battery LP-503562-IS-3 EIS, Capacity, ECM Data/LiPO_5/EIS_Charge_discharge/EIS_540/2_EIS.csv",0.690026460787082,2.250179553189266,0.6118309297485519,0.7,2.0204093292319155e-07,0.09437389178237192,0.046149489936082956,0.5600540474356408,0.5634787295592824,0.008814503159076968
LiPO_5,540,"./LiPo Battery LP-503562-IS-3 EIS, Capacity, ECM Data/LiPO_5/EIS_Charge_discharge/EIS_540/1_EIS.csv",0.845228314726864,2.250179553189266,0.6118309297485519,0.8,2.0524399301388142e-07,0.09389737723512515,0.04371138203024778,0.535898916266192,0.5698156425512911,0.009883390231341983
LiPO_5,540,"./LiPo Battery LP-503562-IS-3 EIS, Capacity, ECM Data/LiPO_5/EIS_Charge_discharge/EIS_540/0_EIS.csv",1.0,2.250179553189266,0.6118309297485519,1.0,2.15316593322532e-07,0.09249312577890775,0.04313305470316327,0.5868258391182012,0.5535816616141455,0.009609308849633664
