SOC,RO,R1,Q1,a1,R2,Q2,a2,Q,L
1,0.0838700769115325,0.0387908408329484,0.894870759209296,0.468059838076349,0.00698064911652003,1.12655053880866,0.925139829426763,79.1903949880694,2.45499192925106e-07
0.865067298746669,0.0842998311799786,0.0364232735663662,0.883098551957824,0.469823211877545,0.00975750418608956,1.21980608405061,0.852935122095128,75.0468260825568,2.45692838151705e-07
0.730134820511865,0.0863338136060103,0.0267352848632705,0.462674645030757,0.555928269170679,0.0180076416109507,1.09714819746704,0.774758472632031,77.1986996090757,2.35381522995308e-07
0.595202401179962,0.0867713187437696,0.0299154942274095,0.499943388312742,0.551604428642956,0.0168028106323476,1.29987254567377,0.808150464772426,85.0256340820096,2.31369512111125e-07
0.459895593620777,0.0866689456335966,0.0356069083510537,0.655795602291611,0.521994362071925,0.0146975158675279,1.77711025240647,0.856656604463863,90.6498677759562,2.30639518043383e-07
0.324588843343522,0.0861274747132998,0.0434460482669298,0.988556387762185,0.472262438482883,0.013760376186363,2.46533089415456,0.934038387198778,78.2921052757022,2.32967354337902e-07
0.189281651406442,0.087525211515213,0.0388454029931132,0.789643757598958,0.50725151735541,0.0258287648660607,2.48805313318202,0.885538741618832,65.7868636365429,2.24896312208797e-07
0.0543492219718861,0.0884159584724329,0.03953426222535,0.777197869102453,0.510374784317811,0.0365442923828715,2.59173871801619,0.881932923108573,50.3944450641194,2.22960193758033e-07
