SOC,RO,R1,Q1,a1,R2,Q2,a2,Q,L
1,0.0846203368145752,0.0397551362306539,0.951495648749874,0.463673535220752,0.00725928284083415,1.26183918669543,0.909751782723811,77.1305381070647,2.46413535237646e-07
0.859977076514402,0.0852412946456144,0.0360664902839638,0.860831263123255,0.475448683267472,0.0109742892639548,1.29738634506861,0.835764422759016,70.1515020476697,2.45564145147049e-07
0.719565841083978,0.0874206630729887,0.0277169083565948,0.461105656198004,0.561667273623477,0.017944221067115,1.14170670591534,0.788052931050738,73.7832011518402,2.33883545905219e-07
0.57915434277654,0.0876479779079208,0.0326603468428314,0.554666307236746,0.542919736143756,0.015800773577452,1.44933865603265,0.833267846364885,80.7901900863268,2.31256323909149e-07
0.438742936657789,0.0875139089290709,0.0379014924571853,0.713563053593184,0.514621563356925,0.0145422251709728,1.8985051303777,0.882728901474737,81.9447775353064,2.30719245545678e-07
0.298719978848496,0.0866331310369205,0.0466286561779126,1.11366162829862,0.456507225250336,0.0146308371797375,2.53753391106702,0.959727417027532,70.9666689437877,2.36877049665964e-07
0.158696886003547,0.0884948876321523,0.0394885688440522,0.789340389547423,0.50835491838094,0.0289434264612734,2.47657197980628,0.888696577060966,56.8737974784349,2.26119449260156e-07
0.0182854387380393,0.0898718223823929,0.0401635101409435,0.77689645437966,0.514647621965906,0.0417700704156061,2.70032478013366,0.879564885604218,37.1720436861434,2.22697084947574e-07
