SOC,RO,R1,Q1,a1,R2,Q2,a2,Q,L
1,0.0813120077697093,0.0352823557641994,0.790604485571938,0.474946095911103,0.00656835936106347,0.891366428207958,0.925905660796941,94.0427132475614,2.42672136250937e-07
0.879747223626445,0.0833545911057201,0.0156728731669632,0.251252677496917,0.620764205777825,0.0231371455860867,0.818645135799458,0.688526373584218,89.0092503577548,2.39457955402372e-07
0.75949430320739,0.0826011964680414,0.02360922721599,0.46957621799614,0.539628801049129,0.0176860456201997,0.983336453218388,0.744046320542549,94.4101797249026,2.40809568349976e-07
0.639241328894748,0.0836261289675856,0.0241835733140017,0.434835364090739,0.562139574644406,0.017091511389712,1.08271452852619,0.767110586208039,105.496418649701,2.32917104203021e-07
0.519320973815913,0.0837245357758523,0.0276260099274059,0.511398921947565,0.54783178665194,0.0157121965905486,1.36149319790364,0.797747412824913,129.640171465362,2.29388452808874e-07
0.399401112863183,0.0836067894151087,0.0313862857054423,0.652985560582707,0.523030810535009,0.0144611150141835,1.84481615179081,0.823404229575078,123.469956541325,2.28953826974531e-07
0.279148098589168,0.0829767271135684,0.0416454841810875,1.14655295469683,0.457107802261277,0.0131233898649939,2.85216812134138,0.93157806767252,104.157203364609,2.28872977081299e-07
0.158895197223998,0.0817666158378127,0.0496400787639983,1.6282000858445,0.403594138490209,0.0167356814182388,3.02407485658817,0.973925204421605,104.671615535221,2.41042284493223e-07
0.0386418696561104,0.0854290012873516,0.0367333905570583,0.815480361332152,0.509349685667275,0.0336051712154636,2.80175253316475,0.878822544982181,67.3203272742124,2.1887281673889e-07
