SOC,RO,R1,Q1,a1,R2,Q2,a2,Q,L
1,0.0824902609917251,0.0377586661270337,0.790868418057224,0.474364628956672,0.0064569147583012,0.911156497340184,0.939204368286764,85.0502845690397,2.44651478947061e-07
0.873422397618754,0.0856319223316563,0.013453616985669,0.170417408261364,0.679638763851174,0.0270651479088299,0.770761462682687,0.671794817179795,80.6446702583205,2.33749802051194e-07
0.746845224460149,0.0843813053813653,0.0261196926006063,0.460542930710894,0.544857477602359,0.0173394216002614,1.0106175666856,0.761200016596147,85.4759923323936,2.38517749377405e-07
0.620618229727873,0.0851972184732523,0.0271694752924529,0.437361981921664,0.559871426641036,0.0169536006785656,1.12209951395373,0.784900993316813,95.0704195574332,2.32129213158976e-07
0.494391252005544,0.0852545236836224,0.0311191692960765,0.529493736192201,0.540872675308182,0.0155701367137978,1.45680513244467,0.814178909620805,109.886975322364,2.3039140313391e-07
0.367814028812462,0.0850114986556313,0.0371570941104194,0.731413677452971,0.505337601725931,0.0135280945615107,2.09414675161398,0.868572699764645,99.2030166998874,2.29424433824611e-07
0.24123654710009,0.0838178179180237,0.0482693649549597,1.26846246606428,0.43298295426432,0.0141362545918572,2.86570727568816,0.962605227656011,92.2804909025121,2.38463068540831e-07
0.11465958324005,0.0863398908346964,0.0389091328272929,0.778352941845512,0.505336293926118,0.0282952069090603,2.57226833720817,0.882252513465439,75.6694942774863,2.24159680527587e-07
-0.0115674435206452,0.0879176557355253,0.0393229883504405,0.769229516766505,0.512884428701436,0.0412599868755028,3.01254285530203,0.871780072974397,39.5401238898647,2.17805117002229e-07
