SOC,RO,R1,Q1,a1,R2,Q2,a2,Q,L
1,0.000671836111202171,0.0014951627712876,0.0436975724165509,0.0127326593610411,0.00159782845206591,0.105274446390912,0.0626668809926012,2.04778926320647,7.11345803358821e-09
0.879747223626445,0.00115683446424762,0.00384606751907166,0.131661525001474,0.0760530960557268,0.00278416229201949,0.0803936783206877,0.0153090886408276,0.788691643391476,8.00044536248878e-09
0.75949430320739,0.000816362440657577,0.00453331150704658,0.161121149357455,0.0458833756806512,0.00360641921758759,0.0856063671571218,0.0309788680276998,1.13392848846525,4.70548950339054e-09
0.639241328894748,0.000942800246757371,0.00514080003523653,0.175596242707202,0.0552246961534418,0.00408698342110169,0.122037492742035,0.0377952551606172,1.69079333665699,6.86465774624456e-09
0.519320973815913,0.00091990169023556,0.00516773601654652,0.18670033407205,0.0500543478513814,0.00405259368770382,0.145854786588231,0.0456535048934961,3.58438794525703,7.57891262127938e-09
0.399401112863183,0.00106131447779304,0.00608040365374397,0.248999600548459,0.0527247307198357,0.0046195581543969,0.222992709271123,0.0619947847225608,5.2107188317315,9.34803533143836e-09
0.279148098589168,0.000939771584594169,0.00492159123997231,0.271366978388214,0.0345551204484126,0.00297584441995492,0.193504599614535,0.0556527908088041,6.44338644754778,9.00949213243689e-09
0.158895197223998,0.00065268363885851,0.0032157907941926,0.193950805705263,0.0183377509034016,0.00150860068218312,0.0857032163133542,0.0235302807279828,5.25313537440046,5.38368903438208e-09
0.0386418696561104,0.000589592351353889,0.00193462934691361,0.108390667537592,0.0213864458005991,0.00148015506517312,0.0707783765708471,0.0145122768967002,1.87550999539703,8.20740865583212e-09
