SOC,RO,R1,Q1,a1,R2,Q2,a2,Q,L
1,0.0830685998318858,0.0381421036710502,0.85021688435125,0.469303250661139,0.00692302989216929,1.02396423665231,0.923562628750011,82.3283008553641,2.46346325832988e-07
0.869345415285566,0.0858779592838473,0.0154884300523438,0.238614351932233,0.63763305588385,0.0264320822238332,0.853766953918143,0.67813369793644,75.5429651817261,2.36276876223509e-07
0.739052077552786,0.0854445637098937,0.025844883436897,0.449028220149113,0.554752448603183,0.0181440189762184,1.03227748606596,0.765322492089631,81.0080268005432,2.36014559456571e-07
0.608759071365705,0.0859387037263349,0.0282277248488034,0.461768090375923,0.55675464374178,0.0171783610095908,1.19674526457637,0.792227708891086,89.6972814766243,2.32575614022916e-07
0.478104627536569,0.0860073579928895,0.0334441086841062,0.589000827029041,0.532647563422968,0.0149135128393593,1.6267380342711,0.837788712521788,99.7213197842993,2.30086237726124e-07
0.347450149887026,0.085603090749392,0.0401021962626243,0.848336151147759,0.489843966765244,0.0136369326197133,2.28723048252996,0.899829725212145,87.5305546184656,2.30707881615111e-07
0.217157262413332,0.0842298698433798,0.0505232735860654,1.38700368129181,0.420725049238729,0.0158151533621708,2.8460607240988,0.971102534739521,81.8127880518785,2.42211526792569e-07
0.0868646676177887,0.0873091286288043,0.0391678610489303,0.777182792812126,0.507655057063733,0.0323160283281394,2.5663862430937,0.881368034602113,63.1003049600555,2.24322534715539e-07
