SOC,RO,R1,Q1,a1,R2,Q2,a2,Q,L
1,0.000595715933330986,0.00171667466982853,0.0372211767391438,0.0121451746574094,0.00179936630167697,0.175984060358934,0.0943377776059675,2.32181776680231,8.29648749714402e-09
0.880319478354194,0.000704986176836492,0.00339409149335352,0.0872691728709489,0.0563349791264674,0.00281511682898321,0.0682970015860086,0.0115352215108219,0.814276828151808,6.58069564531977e-09
0.760307220994812,0.000585246489749088,0.00444479959573211,0.0931175005141029,0.0358897863646987,0.00381969383404915,0.105131538534809,0.0238899286939208,0.753023151267269,4.82301912294406e-09
0.640294759901929,0.000687204678460966,0.00517183093512238,0.106923214112801,0.0403379066181603,0.00442147635308103,0.134842963024535,0.0320761732856299,1.61551054333993,6.32832527075376e-09
0.520282963274602,0.000816673024325355,0.00629236145257131,0.135332697881237,0.0441141151997314,0.00534706011597413,0.210662816093282,0.0434523242056809,3.02836839401947,7.92275759243367e-09
0.400602931016703,0.00105934703651588,0.00814333009741,0.196175716541527,0.0509802024902922,0.00671077164636849,0.372647428274588,0.0711797348148736,4.73384946364285,1.07625467876539e-08
0.280922398718692,0.000842658929184669,0.00529013368678898,0.176493690843253,0.0300162643362455,0.00353790427947632,0.286239483375879,0.0681780366123026,6.03258809516785,9.79195651026402e-09
0.160910798204943,0.000539787721677277,0.00310607501166065,0.1165749635993,0.0154715751839688,0.0017192246142015,0.139753012696472,0.03210204636767,4.35120153577627,5.83597498113696e-09
0.0412309276324493,0.000529078411997301,0.00223755574621999,0.0804025548782841,0.0175851877851993,0.00177197705811121,0.105136245989597,0.0181376519448422,1.58135820263848,7.9060934023813e-09
