SOC,RO,R1,Q1,a1,R2,Q2,a2,Q,L
1,0.00051563524724206,0.00173330609776292,0.0349524620598854,0.0110565024530008,0.00179571154579504,0.165635756018747,0.0886474098310455,1.88751484708679,7.49627000290141e-09
0.876712044772927,0.000602439944811453,0.00286651526729753,0.0729129835800642,0.0514465590825351,0.00239331336292545,0.0546435483099052,0.00982702805140319,0.682295884281004,6.10598666507275e-09
0.753082930714524,0.000616876647023429,0.00463891068829503,0.093912204076057,0.0386700683209926,0.00400584540943905,0.106696834851693,0.0234693608317996,0.732370595413503,5.48846732611236e-09
