SOC,RO,R1,Q1,a1,R2,Q2,a2,Q,L
1,0.0848797850387785,0.0437592068210168,0.664650284032881,0.506156892848454,0.00534978252063555,1.00330224737146,0.972620106127997,82.3521882223739,2.52959238535938e-07
0.876712044772927,0.0875319782007183,0.0152081160845644,0.211545342737598,0.669305591806966,0.0312974682702825,0.709046898459681,0.669603149871174,77.3283843768686,2.39147285834859e-07
0.753082930714524,0.0872181268202206,0.0261871373412043,0.34491116201784,0.595124681801454,0.0225611929181111,0.899593270264344,0.738196446304329,83.2900286448298,2.42147130886596e-07
