SOC,RO,R1,Q1,a1,R2,Q2,a2,Q,L
1,0.0844905944534824,0.0362918789241379,0.600494702793939,0.525577834751299,0.00420559068364243,0.81774160100211,0.998373765196654,77.431184917417,2.56424722843384e-07
0.873732205581601,0.0867512575860663,0.0130975854716385,0.202877614963347,0.679080189632203,0.0251589631492191,0.636683404996216,0.685049600733461,74.4980251151806,2.46301477206812e-07
0.747814023757357,0.0866955830349454,0.0213003986024103,0.301362216627336,0.617777517624725,0.0188392164450491,0.77980302181711,0.745806109386152,80.4105057394646,2.46406353434213e-07
0.621895964330514,0.0869910604656271,0.0235660550925513,0.314228051678553,0.612714264664885,0.0179437643216298,0.878525806727288,0.763003399345885,86.9797832088249,2.45806746408563e-07
0.495628194394031,0.0871214174280622,0.0274334504198796,0.362983184681629,0.595773180026913,0.0161485891618374,1.11365187443691,0.787675227335864,99.4214552618573,2.43910961827872e-07
0.369360236891415,0.0870923460732003,0.0336840925379926,0.497342451865652,0.559837630447645,0.0136085831702635,1.8286324656678,0.82040616155106,89.3412946159426,2.43126407627556e-07
0.243092242985017,0.0864074689677074,0.0441789957795441,0.832484952571428,0.493872741658729,0.0109215419475343,3.00466963533296,0.919833756373823,87.3323029253944,2.49549234641402e-07
0.117173664377582,0.085665446546269,0.051506602630045,1.15205650422081,0.446002745462892,0.0123117117379389,3.47134352428572,0.963860629183944,73.2442644889773,2.60276690987645e-07
-0.00874472612304378,0.0894428848754928,0.0421457750112034,0.755614128949261,0.516238086804317,0.034638787667263,3.79909149723614,0.837591177119528,33.0035066471001,2.38729243831802e-07
