SOC,RO,R1,Q1,a1,R2,Q2,a2,Q,L
1,0.0871015394544943,0.040265350379735,0.61201819081163,0.530573733425785,0.0036812893823379,0.872039933855087,1.03283805444411,71.5414012988592,2.57580931176893e-07
0.857538623351853,0.0884002870922172,0.0307438703712898,0.466068954052637,0.565337449077213,0.0127593675779724,0.920667019713065,0.806047874563869,67.2690564964577,2.51337660514555e-07
0.715077639000403,0.0898068629528329,0.0257041232541868,0.303484933773536,0.623655171010523,0.0185632526189408,0.793178558779525,0.780515469932611,74.3422274986023,2.42996229072144e-07
0.572616279196945,0.0900519055115416,0.0293705118451075,0.33599456757695,0.610448809660025,0.0171719149190153,0.980765763043531,0.798549517103365,80.8332365067118,2.42201130115863e-07
0.429759678209582,0.0902195930735019,0.0339334611031252,0.392089812006074,0.592452240724633,0.0152771999913328,1.36555904164037,0.825493059660407,80.2537379260719,2.40963705631437e-07
0.286903132279119,0.0896139404221744,0.0456597795949309,0.669294915573733,0.524526429486231,0.0115349683618411,2.61948204864407,0.916595475450801,74.2473870610201,2.46303531377564e-07
0.144441918464204,0.089056098346672,0.0530089586823905,0.935779279443727,0.476584106283875,0.0124598585047307,3.18452905943793,0.969115826222611,58.3340115575439,2.56102947936757e-07
0.00198014536668967,0.0926655580898351,0.0466388131448022,0.726557317380885,0.520725731381377,0.0351611255321922,3.77783154340079,0.832076111108316,27.0622282449709,2.39945156759163e-07
