SOC,RO,R1,Q1,a1,R2,Q2,a2,Q,L
1,0.082209498734185,0.033284410957469,0.624969380894951,0.516108273565627,0.00436461260452352,0.858932591491624,0.963848862985826,91.546161090258,2.55545569853238e-07
0.885203896319209,0.0850813297770222,0.00914163092552448,0.116593955369512,0.757611938105432,0.0251559377461932,0.617611108196351,0.667085834273589,87.3136175366166,2.40059166510244e-07
0.770407851523969,0.0841096231717422,0.0168447282269765,0.284553599493783,0.621323279886192,0.0201217390423276,0.786495103261774,0.705183977328086,92.2710189350417,2.50140885316027e-07
0.655293201031218,0.0842843560210625,0.0205569571681135,0.332253273328862,0.601614568054993,0.0172284187120812,0.897747905657251,0.741048816818942,101.680129124836,2.47925370831016e-07
0.540178464090871,0.0845427614094103,0.0236303633279797,0.367437268190345,0.592390242825865,0.0157350337964156,1.08508881944342,0.765615186475218,125.5258030403,2.45348698763848e-07
0.4250639382575,0.0845830245403135,0.0259401943103841,0.433246268994404,0.574955812068875,0.0151935086417936,1.4257264403566,0.766245902007304,124.739727304743,2.43711467419845e-07
0.310268307461466,0.0845649111358918,0.0345539467588769,0.68059269251322,0.525863329005972,0.0113443264835256,2.55313801859941,0.854392821759965,107.784366216501,2.41022734706331e-07
0.195472676296042,0.0838908099676372,0.0421562696437407,1.02680654332991,0.470585116053439,0.0108931869707864,3.28319191836023,0.932415329408243,106.997379928626,2.48289962772016e-07
0.080358351803232,0.0830302198224284,0.0493976415828536,1.41200674582037,0.421942917622948,0.0129952778249287,3.79805931445421,0.958022301322499,90.9518345282309,2.5773108323273e-07
