SOC,RO,R1,Q1,a1,R2,Q2,a2,Q,L
1,0.000575232174681892,0.00158358072450483,0.0395800136026293,0.0139947838549401,0.0017386854223637,0.18984650456695,0.11032577962897,1.53077194151472,8.15882316523345e-09
0.873732205581601,0.000819679012279102,0.00386309246861716,0.108852021146396,0.079222834438147,0.00317593685906715,0.0799229702118166,0.0140404242882158,0.641749313282578,7.64407892768424e-09
0.747814023757357,0.000606671341834316,0.00432884941057564,0.0959287619413559,0.0449942552343121,0.00371942066808739,0.10178129906052,0.0247955436273452,0.538234475537047,5.15082846490529e-09
0.621895964330514,0.000717152038273587,0.00510713371575181,0.111445452647028,0.0497518020788334,0.0043710111392536,0.131428529027958,0.0335583831211795,0.911568788867584,6.59495285534445e-09
0.495628194394031,0.000810735870266163,0.00592204447060638,0.132922490057087,0.0508720040839898,0.00502650688096788,0.185171552516402,0.0484968187290212,1.80090196335607,8.03715815176571e-09
0.369360236891415,0.00104236571321839,0.00743316370072333,0.198630710590152,0.0554438887749674,0.00608476300796978,0.372299146291506,0.081825748247594,2.82348310886303,1.12140680736107e-08
0.243092242985017,0.000709235993468068,0.00429113449387445,0.161410451119045,0.0277033028048681,0.00292901320884929,0.255111418068286,0.0632908910596737,3.43568315252499,7.96858914296226e-09
0.117173664377582,0.000481446823033515,0.00264377693923781,0.114918632002417,0.0148701461463468,0.0014955597517904,0.133526289189015,0.0310555549840996,1.95886891998023,4.93252039457823e-09
-0.00874472612304378,0.000695555958823627,0.0026303207918003,0.113598899683793,0.0240765658182551,0.0024284001352119,0.151040043033224,0.023175813686012,0.802789011334684,1.07751344112625e-08
