SOC,RO,R1,Q1,a1,R2,Q2,a2,Q,L
1,0.00059712619252769,0.00150873601476742,0.0398675024531086,0.0141007843487886,0.00169512425262162,0.170406159868473,0.0987269767606523,1.81622754695667,7.4182683067651e-09
0.885203896319209,0.000617113439559322,0.00228481479156542,0.0590381253609868,0.0764056977711828,0.00181456586771244,0.0494696413649448,0.0102172955754191,0.822589188439123,6.99056344620276e-09
0.770407851523969,0.00088837140292389,0.00458384585699433,0.136649985593561,0.0685227868237071,0.0037449042457824,0.114516233084229,0.0209948131134523,0.720019245669379,6.53882166353123e-09
0.655293201031218,0.000874931388775322,0.0053409847412773,0.147633982165387,0.0619337797452175,0.00444849534820527,0.144130796205725,0.0337769489313898,1.08052944007921,6.64536872803854e-09
0.540178464090871,0.000778663771817195,0.00503319861740193,0.136455637734626,0.0514338484186944,0.00420231454471118,0.161044519710099,0.0391601170932139,2.03523240440648,6.62023651216463e-09
0.4250639382575,0.00105989509815694,0.00689141368208063,0.20285043767194,0.0650902659276245,0.00572374519222134,0.297515653154547,0.0582333438030361,3.24157827057329,9.38623370339516e-09
0.310268307461466,0.00110687912810282,0.00675718623850757,0.263456579049017,0.0541476922523539,0.00511926149672362,0.436595783015909,0.093410674649178,5.28281577969699,1.15035268308893e-08
0.195472676296042,0.000799886375985228,0.00428022154364545,0.212140649741863,0.030057095478555,0.00268660965065121,0.248866759989051,0.0604119824433868,5.70280131173942,8.17613770847134e-09
0.080358351803232,0.000462925813390104,0.00236584734834203,0.12809139871137,0.0137564225976057,0.00122817370217591,0.116955108039804,0.0241145106270855,2.71434022787198,4.11562467537322e-09
