SOC,RO,R1,Q1,a1,R2,Q2,a2,Q,L
1,0.000668730141492478,0.00158941688108424,0.0420373247138528,0.0136513834610319,0.00166495260895758,0.16010400932935,0.0897646161860534,1.65362273799552,8.4730462121307e-09
0.865899256219952,0.000188405898049326,0.000745879483239964,0.0156685311297413,0.00428953809727522,0.000721348270716263,0.0349824604601568,0.024263336652511,0.497716506689102,2.48760630582158e-09
0.732169886929472,0.000796968890875911,0.00453173326866157,0.112750151791367,0.0500380462315171,0.00368886709582858,0.0891585335522528,0.0337892154119453,0.71996138189362,6.67210741952334e-09
0.598440401037017,0.000799444798759196,0.00457348744446955,0.116255130030172,0.0475485473482429,0.003694859579987,0.0963114618198501,0.0400380085992771,1.13908320386344,7.4777663815375e-09
0.464710866949419,0.000929495192409762,0.00525957369366681,0.148602331753017,0.0499709172349644,0.00415386014496077,0.134029772279267,0.0538738761790439,2.01595255486694,9.23180722513621e-09
0.330610372699878,0.00103809991175206,0.00549430133361508,0.20631671746906,0.0441906432674158,0.0039182233226851,0.195048566744588,0.0685479822426467,2.77692740085417,1.06839672445486e-08
0.196509622063749,0.000753744467515249,0.00367354645563609,0.171821641352068,0.0241823317316332,0.00214091509362948,0.12178110262416,0.0399333797745503,2.40320823831866,7.10026652668745e-09
0.0624090652297605,0.000589040565225988,0.00214783351249198,0.0974702671421384,0.0202046890382967,0.00154144547651202,0.0862306251261226,0.0163772230774001,0.769625152031775,7.20605534837431e-09
