SOC,RO,R1,Q1,a1,R2,Q2,a2,Q,L
1,0.000598646026118998,0.00111919435116123,0.0371220476703399,0.0115680830705957,0.00116372258748136,0.145072440291313,0.0733679974470463,1.85240611954004,6.89133448823763e-09
0.880159694153953,0.000987694831969073,0.00319769443542512,0.0943336621892329,0.0752938939046346,0.00233857215744319,0.0801500076987962,0.0144520280498288,0.781088499807479,8.19619545527417e-09
0.759987214910443,0.000908609216245896,0.00405990388387457,0.128668146272372,0.0571401932161839,0.00314466788509463,0.0990378512319636,0.0269059739239243,0.726519101604993,6.47469112106113e-09
0.639814743250776,0.000802331240063973,0.0038380346398427,0.123309059012398,0.0487764333258964,0.00298512588742866,0.0892091667464565,0.0328570548082033,1.19087115567109,6.34029158105975e-09
0.519641960996556,0.000909879762373776,0.00442423427814647,0.152043309333856,0.0519441006336791,0.00341949769168296,0.123340660604308,0.0417520515540837,2.33384160341529,7.74710860673094e-09
0.399801956885526,0.00118676593714193,0.0057729455570082,0.229820470873225,0.0619233283038867,0.004347536815175,0.195734483959488,0.0615778766330059,3.61763323835609,1.04430790468603e-08
0.279962099575885,0.00117372702616922,0.00534460358393778,0.288483562819162,0.0474263367682515,0.00346777181299411,0.202522017567211,0.0648918511705328,4.75909011149982,1.07574925319377e-08
0.160121872430821,0.000841246871982935,0.00368000202626534,0.229312686171698,0.0256407040492628,0.00189601280978456,0.109712216230166,0.0350509663241136,4.30530603888315,6.83515940598639e-09
0.0399491499371013,0.000649868903670072,0.0020828348757419,0.121305011416939,0.0234162825841368,0.00146596460597893,0.0841100709023343,0.0160863974116784,1.24300776697376,7.81704019347225e-09
