SOC,RO,R1,Q1,a1,R2,Q2,a2,Q,L
1,0.0846044362051837,0.0335764490290758,0.718928010067118,0.488881304900176,0.00454027554006098,0.871879294367929,0.986878982922142,93.3109391172829,2.45771416467486e-07
0.880159694153953,0.087265297287761,0.0135909162330538,0.183732760967573,0.667641933661628,0.0214405484177538,0.801302153317449,0.68785479818651,84.1500649434379,2.36003697512195e-07
0.759987214910443,0.0869387596730317,0.0201090538250317,0.312660315165504,0.596575547194412,0.0167405935532815,0.918192451663753,0.748395731066116,88.4702162802536,2.38288030043468e-07
0.639814743250776,0.0873330160847311,0.0225403377795878,0.346774954814049,0.588672543701226,0.0149193203804351,0.983900254121657,0.789378601336492,100.677633674293,2.34039703046864e-07
0.519641960996556,0.0875038979904316,0.0249019504676417,0.403602251854823,0.574369297941261,0.0144785327283928,1.21068856033385,0.80337823177105,117.948686081423,2.31803228713483e-07
0.399801956885526,0.0874092934719122,0.0278046183970881,0.515320330519886,0.548209378206243,0.0136389269471003,1.58234026363216,0.823242043476055,112.731768829322,2.32036400845998e-07
0.279962099575885,0.0869477412699555,0.0354725398751868,0.877965954035494,0.4858489392671,0.0126250010569551,2.41596655670177,0.90034388948221,97.2485565453728,2.32015577260617e-07
0.160121872430821,0.0859004101892463,0.0433786215321529,1.35198282917112,0.424087311641252,0.0139859101981879,2.83779178858931,0.95382401662184,92.9519691158036,2.41819236551156e-07
0.0399491499371013,0.0888374436727594,0.0350224564352496,0.825018536146764,0.500674053614439,0.0277507198843304,2.82811241347617,0.867521535073957,61.4090839883243,2.25913339435312e-07
